iso3,country,period,year,quarter,reporting_mode,ytd_share,source_extraction_date,source_currency,source_units,usd_exchange_rate,portal_value_usd_mn,penetr_gen,penetr_fam,densite_gen,densite_fam,equity_assets_gen,equity_assets_fam,retention_gen,retention_fam,retention_num_gen,retention_den_gen,retention_num_fam,retention_den_fam,opex_ratio_gen,opex_ratio_fam,invest_income_gen,invest_income_fam,operateurs_gen,operateurs_fam,gwc_gen,gwc_fam,nwc_gen,nwc_fam,gwc_gen_flux,gwc_fam_flux,nwc_gen_flux,nwc_fam_flux
ARE,United Arab Emirates,2019Q1,2019,1,quarterly flow,0.0,2026-07-19,USD,G,3.6725,243.795795,0.198068,0.116864,8157.209778,4812.922636,1.86362,24.935985,52.75128,68.205522,128605401.383209,243795795.161572,100146200.009536,146830047.57125,88.261263,90.696396,-5.354141,0.72972,6.0,2.0,243795795.161572,146830047.57125,128605401.383209,100146200.009536,243795795.161572,146830047.57125,128605401.383209,100146200.009536
ARE,United Arab Emirates,2019Q2,2019,2,quarterly flow,0.0,2026-07-19,USD,G,3.6725,192.888514,0.201573,0.120832,8301.571435,4976.326115,1.717254,24.531279,46.113693,77.419159,88948017.189458,192888513.757016,85577389.482317,110537740.75173,114.43483,101.070239,-3.443173,0.251494,6.0,2.0,192888513.757016,110537740.75173,88948017.189458,85577389.482317,192888513.757016,110537740.75173,88948017.189458,85577389.482317
ARE,United Arab Emirates,2019Q3,2019,3,quarterly flow,0.0,2026-07-19,USD,G,3.6725,192.426314,0.205776,0.122174,8474.670749,5031.598,1.265396,24.86368,52.349835,87.697855,100734856.974655,192426313.584546,96325227.936897,109837609.477685,102.266361,100.842508,-6.648128,-0.102588,6.0,2.0,192426313.584546,109837609.477685,100734856.974655,96325227.936897,192426313.584546,109837609.477685,100734856.974655,96325227.936897
ARE,United Arab Emirates,2019Q4,2019,4,quarterly flow,0.0,2026-07-19,USD,G,3.6725,160.372563,0.20094,0.117681,8275.505087,4846.557554,1.286386,26.062589,57.435483,71.675875,92110755.761443,160372562.821994,68204033.541496,95156192.885946,84.375776,127.295584,-17.5377,0.4192,6.0,2.0,160372562.821994,95156192.885946,92110755.761443,68204033.541496,160372562.821994,95156192.885946,92110755.761443,68204033.541496
ARE,United Arab Emirates,2020Q1,2020,1,quarterly flow,0.0,2026-07-19,USD,G,3.6725,270.472825,0.199899,0.116864,8233.048533,4813.18492,79.050487,81.825829,52.636294,81.193963,142366870.510619,270472824.768392,101735683.378747,125299566.757493,90.898922,55.00712,-5.574034,-2.333554,6.0,2.0,270472824.768392,125299566.757493,142366870.510619,101735683.378747,270472824.768392,125299566.757493,142366870.510619,101735683.378747
ARE,United Arab Emirates,2020Q2,2020,2,quarterly flow,0.0,2026-07-19,USD,G,3.6725,180.167145,0.201573,0.120832,8302.023837,4976.597305,82.524238,76.580172,50.255013,73.354057,90543021.875896,180167144.72752,61547575.171117,83904800.475749,109.466234,140.604531,-6.420144,1.472153,6.0,2.0,180167144.72752,83904800.475749,90543021.875896,61547575.171117,180167144.72752,83904800.475749,90543021.875896,61547575.171117
ARE,United Arab Emirates,2020Q3,2020,3,quarterly flow,0.0,2026-07-19,USD,G,3.6725,169.815557,0.205776,0.122174,8475.132584,5031.872201,81.296712,73.474374,45.192043,70.416637,76743119.375698,169815556.802725,72258081.3,102615069.532153,118.187448,106.842259,-6.816364,1.184849,6.0,2.0,169815556.802725,102615069.532153,76743119.375698,72258081.3,169815556.802725,102615069.532153,76743119.375698,72258081.3
ARE,United Arab Emirates,2020Q4,2020,4,quarterly flow,0.0,2026-07-19,USD,G,3.6725,144.449889,0.20094,0.117681,8275.956068,4846.821672,74.112365,59.525363,52.162982,7.375178,75349369.985464,144449889.20545,7574141.870572,102697751.290191,121.351848,251.617847,-7.275925,0.207038,6.0,2.0,144449889.20545,102697751.290191,75349369.985464,7574141.870572,144449889.20545,102697751.290191,75349369.985464,7574141.870572
ARE,United Arab Emirates,2021Q1,2021,1,quarterly flow,0.0,2026-07-19,USD,G,3.67,249.349205,0.207257,0.119205,7444.45618,4281.714686,67.746625,55.671705,51.868879,68.739099,129334637.768892,249349205.092643,95253176.66812,138572046.847411,71.944953,73.258852,-6.478214,0.270104,6.0,2.0,249349205.092643,138572046.847411,129334637.768892,95253176.66812,249349205.092643,138572046.847411,129334637.768892,95253176.66812
ARE,United Arab Emirates,2021Q2,2021,2,quarterly flow,0.0,2026-07-19,USD,G,3.67,175.060584,0.205834,0.126752,7393.344999,4552.813226,61.662663,43.331896,49.297234,70.090386,86300026.000763,175060584.207357,77793655.8297,110990480.575749,89.491838,102.34315,-9.489297,1.017637,6.0,2.0,175060584.207357,110990480.575749,86300026.000763,77793655.8297,175060584.207357,110990480.575749,86300026.000763,77793655.8297
ARE,United Arab Emirates,2021Q3,2021,3,quarterly flow,0.0,2026-07-19,USD,G,3.67,159.750443,0.203029,0.126508,7292.604029,4544.047508,64.81285,42.588084,49.585121,57.376201,79212450.190153,159750442.922616,58374133.014441,101739279.376294,104.640078,124.312505,10.12793,0.268562,6.0,2.0,159750442.922616,101739279.376294,79212450.190153,58374133.014441,159750442.922616,101739279.376294,79212450.190153,58374133.014441
ARE,United Arab Emirates,2021Q4,2021,4,quarterly flow,0.0,2026-07-19,USD,G,3.67,166.539108,0.209184,0.158592,7513.693367,5696.453915,68.76437,43.144832,53.945818,67.397268,89840884.699963,166539108.488011,56244127.061308,83451642.842234,113.148591,141.589327,-5.669203,0.981843,6.0,2.0,166539108.488011,83451642.842234,89840884.699963,56244127.061308,166539108.488011,83451642.842234,89840884.699963,56244127.061308
ARE,United Arab Emirates,2022Q1,2022,1,quarterly flow,0.0,2026-07-19,USD,G,3.67,212.24293,0.140601,0.076825,7558.344616,4129.882027,67.604116,46.296846,54.52148,70.620679,115717986.793461,212242929.821798,66189998.716894,93726086.938147,77.093231,74.260658,-9.650499,-0.476625,5.0,2.0,212242929.821798,93726086.938147,115717986.793461,66189998.716894,212242929.821798,93726086.938147,115717986.793461,66189998.716894
ARE,United Arab Emirates,2022Q2,2022,2,quarterly flow,0.0,2026-07-19,USD,G,3.67,181.98428,0.141965,0.075073,7631.680081,4035.723863,64.398085,47.349871,54.194723,61.808743,98625875.941689,181984280.119619,63107275.23624,102100886.865123,86.82854,57.700627,-10.153536,-1.185232,5.0,2.0,181984280.119619,102100886.865123,98625875.941689,63107275.23624,181984280.119619,102100886.865123,98625875.941689,63107275.23624
ARE,United Arab Emirates,2022Q3,2022,3,quarterly flow,0.0,2026-07-19,USD,G,3.67,193.517794,0.148619,0.07055,7989.342293,3792.602892,65.340585,48.94653,57.733056,64.049727,111723737.086104,193517793.658583,50462162.976567,78785914.833787,96.352729,75.040985,-9.278647,-0.347184,4.0,2.0,193517793.658583,78785914.833787,111723737.086104,50462162.976567,193517793.658583,78785914.833787,111723737.086104,50462162.976567
ARE,United Arab Emirates,2022Q4,2022,4,quarterly flow,0.0,2026-07-19,USD,G,3.67,191.21923,0.153481,0.070387,8250.752991,3783.830336,63.623207,48.607691,53.858265,56.695189,102987359.215259,191219229.719891,46843501.238965,82623414.5297,106.942424,114.018959,-9.746938,0.266307,4.0,2.0,191219229.719891,82623414.5297,102987359.215259,46843501.238965,191219229.719891,82623414.5297,102987359.215259,46843501.238965
ARE,United Arab Emirates,2023Q1,2023,1,quarterly flow,0.0,2026-07-19,USD,G,,280.507654,,,7933.909524,3240.295336,24.212758,23.225966,54.42824,59.436802,152675379.971935,280507654.390612,49039246.09346,82506535.774387,86.62251,120.488365,-3.840231,0.364107,4.0,2.0,280507654.390612,82506535.774387,152675379.971935,49039246.09346,280507654.390612,82506535.774387,152675379.971935,49039246.09346
ARE,United Arab Emirates,2023Q2,2023,2,quarterly flow,0.0,2026-07-19,USD,G,,226.000591,,,7993.791613,3320.134941,23.46114,21.719364,51.3595,57.453486,116072774.50545,226000591.018033,63558840.720708,110626603.855586,106.608592,93.258085,-2.48974,0.570319,4.0,2.0,226000591.018033,110626603.855586,116072774.50545,63558840.720708,226000591.018033,110626603.855586,116072774.50545,63558840.720708
ARE,United Arab Emirates,2023Q3,2023,3,quarterly flow,0.0,2026-07-19,USD,G,,216.721527,,,8012.574337,3387.921801,23.439931,22.932866,44.628853,71.877457,96720332.602992,216721527.376893,61832274.852316,86024572.649591,128.199452,78.410321,-3.743472,0.223542,4.0,2.0,216721527.376893,86024572.649591,96720332.602992,61832274.852316,216721527.376893,86024572.649591,96720332.602992,61832274.852316
ARE,United Arab Emirates,2023Q4,2023,4,quarterly flow,0.0,2026-07-19,USD,G,,231.072554,,,8154.787451,3450.498902,21.763138,21.195429,52.16425,57.841437,120537265.367617,231072553.608735,51655726.589918,89305745.221253,125.452292,113.074675,-3.05967,0.821289,4.0,2.0,231072553.608735,89305745.221253,120537265.367617,51655726.589918,231072553.608735,89305745.221253,120537265.367617,51655726.589918
BHR,Bahrain,2019Q1,2019,1,year-to-date,1.0,2026-07-19,NC,K,,21.671202,,,,,65.743945,118.64237,65.092617,85.74869,14106.352734,21671.202372,3519.402236,4104.321857,,,,,6.0,5.0,21671.202372,4104.321857,14106.352734,3519.402236,21671.202372,4104.321857,14106.352734,3519.402236
BHR,Bahrain,2019Q2,2019,2,year-to-date,1.0,2026-07-19,NC,K,,39.751341,,,,,68.672291,116.71279,67.26683,79.841063,26739.467308,39751.341411,4834.306056,6054.911972,,,,,6.0,5.0,39751.341411,6054.911972,26739.467308,4834.306056,18080.139039,1950.590115,12633.114574,1314.9038200000005
BHR,Bahrain,2019Q3,2019,3,year-to-date,1.0,2026-07-19,NC,K,,57.75592,,,,,70.906492,117.095623,67.493541,82.446103,38981.515495,57755.920138,8415.586406,10207.379226,,,,,6.0,5.0,57755.920138,10207.379226,38981.515495,8415.586406,18004.578727,4152.467253999999,12242.048187,3581.28035
BHR,Bahrain,2019Q4,2019,4,year-to-date,1.0,2026-07-19,NC,K,,75.646253,,,,,73.850634,105.578189,65.486052,84.276664,49537.744129,75646.252762,13009.854203,15437.077769,,,,,6.0,5.0,75646.252762,15437.077769,49537.744129,13009.854203,17890.332624000002,5229.698543,10556.228634,4594.267797
BHR,Bahrain,2020Q1,2020,1,year-to-date,1.0,2026-07-19,NC,K,,22.722648,,,,,65.503752,99.25968,66.118233,73.648775,15023.813474,22722.648104,1877.856477,2549.745695,,,,,6.0,5.0,22722.648104,2549.745695,15023.813474,1877.856477,22722.648104,2549.745695,15023.813474,1877.856477
BHR,Bahrain,2020Q2,2020,2,year-to-date,1.0,2026-07-19,NC,K,,39.822258,,,,,68.104485,98.943431,66.794192,61.516865,26598.955808,39822.258495,2501.346061,4066.114353,,,,,6.0,5.0,39822.258495,4066.114353,26598.955808,2501.346061,17099.610391000002,1516.3686579999999,11575.142333999998,623.4895840000001
BHR,Bahrain,2020Q3,2020,3,year-to-date,1.0,2026-07-19,NC,K,,55.199211,,,,,73.546073,98.317509,65.90164,60.771539,36377.185632,55199.211324,3271.912792,5383.955746,,,,,6.0,5.0,55199.211324,5383.955746,36377.185632,3271.912792,15376.952829000002,1317.8413929999997,9778.229824000002,770.5667309999999
BHR,Bahrain,2020Q4,2020,4,year-to-date,1.0,2026-07-19,NC,K,,72.742685,,,,,72.583847,94.313123,65.904916,60.615269,47941.005444,72742.685351,4146.152638,6840.11263,,,,,6.0,5.0,72742.685351,6840.11263,47941.005444,4146.152638,17543.47402699999,1456.156884,11563.819812000002,874.2398459999995
BHR,Bahrain,2021Q1,2021,1,year-to-date,1.0,2026-07-19,NC,K,,24.727505,,,,,61.013947,95.241325,69.147823,64.871283,17098.531139,24727.504693,1136.188895,1751.451256,,,,,6.0,5.0,24727.504693,1751.451256,17098.531139,1136.188895,24727.504693,1751.451256,17098.531139,1136.188895
BHR,Bahrain,2021Q2,2021,2,year-to-date,1.0,2026-07-19,NC,K,,40.385987,,,,,64.04871,100.842656,65.938871,61.706389,26630.064191,40385.987408,2081.84377,3373.789678,,,,,5.0,5.0,40385.987408,3373.789678,26630.064191,2081.84377,15658.482715000002,1622.338422,9531.533052000002,945.654875
BHR,Bahrain,2021Q3,2021,3,year-to-date,1.0,2026-07-19,NC,K,,56.1495,,,,,72.511325,114.499193,65.405336,62.093615,36724.769413,56149.500021,3090.439585,4977.065043,,,,,5.0,5.0,56149.500021,4977.065043,36724.769413,3090.439585,15763.512612999999,1603.2753649999995,10094.705222,1008.5958150000001
BHR,Bahrain,2021Q4,2021,4,year-to-date,1.0,2026-07-19,NC,K,,75.700657,,,,,72.692423,121.204634,62.562668,60.107954,47360.351291,75700.657447,3882.001207,6458.381916,,,,,5.0,5.0,75700.657447,6458.381916,47360.351291,3882.001207,19551.157426000005,1481.3168730000007,10635.581877999997,791.5616219999997
BHR,Bahrain,2022Q1,2022,1,year-to-date,1.0,2026-07-19,NC,K,,22.091722,,,,,58.120805,111.738276,60.444924,36.590281,13353.324815,22091.72229,599.987334,1639.745077,,,,,5.0,5.0,22091.72229,1639.745077,13353.324815,599.987334,22091.72229,1639.745077,13353.324815,599.987334
BHR,Bahrain,2022Q2,2022,2,year-to-date,1.0,2026-07-19,NC,K,,38.103269,,,,,53.290099,107.017269,61.994064,53.6128,23621.764709,38103.268873,1714.570349,3198.061549,,,,,5.0,5.0,38103.268873,3198.061549,23621.764709,1714.570349,16011.546583,1558.316472,10268.439894,1114.5830150000002
BHR,Bahrain,2022Q3,2022,3,year-to-date,1.0,2026-07-19,NC,K,,53.777766,,,,,57.21194,116.83608,61.736961,52.377629,33200.758151,53777.765671,2266.150108,4326.561074,,,,,5.0,5.0,53777.765671,4326.561074,33200.758151,2266.150108,15674.496798,1128.4995250000002,9578.993442000003,551.5797589999997
BHR,Bahrain,2022Q4,2022,4,year-to-date,1.0,2026-07-19,NC,K,,74.832267,,,,,59.910055,133.843849,59.393247,49.603348,44445.313367,74832.267098,2738.888406,5521.579712,,,,,5.0,5.0,74832.267098,5521.579712,44445.313367,2738.888406,21054.501426999996,1195.0186379999996,11244.555216,472.7382980000002
BRN,Brunei Darussalam,2019Q1,2019,1,year-to-date,1.0,2026-07-19,NC,K,1.356,16.931416,0.504494,0.153948,5.090687,1.583635,20.613494,21.164893,78.361427,91.335998,17991.0,22959.0,6399.0,7006.0,36.351509,36.927645,2.405586,2.2346,2.0,2.0,22959.0,7006.0,17991.0,6399.0,22959.0,7006.0,17991.0,6399.0
BRN,Brunei Darussalam,2019Q2,2019,2,year-to-date,1.0,2026-07-19,NC,K,1.374,32.481805,0.479336,0.146797,9.895787,3.089512,21.437207,21.332828,80.255434,90.159497,35818.0,44630.0,12323.0,13668.0,32.648389,30.633774,2.539043,3.710709,2.0,2.0,44630.0,13668.0,35818.0,12323.0,21671.0,6662.0,17827.0,5924.0
BRN,Brunei Darussalam,2019Q3,2019,3,year-to-date,1.0,2026-07-19,NC,K,1.382,54.624457,0.556739,0.152218,16.738581,4.665461,22.719306,22.029711,83.273503,90.794574,62864.0,75491.0,18740.0,20640.0,28.380313,32.145144,2.413401,3.23515,2.0,2.0,75491.0,20640.0,62864.0,18740.0,30861.0,6972.0,27046.0,6417.0
BRN,Brunei Darussalam,2019Q4,2019,4,year-to-date,1.0,2026-07-19,NC,K,1.346,73.923477,0.541502,0.144931,22.062306,6.019665,21.596108,22.001193,80.010251,92.429875,79611.0,99501.0,24615.0,26631.0,30.234515,32.557384,2.448645,5.697016,2.0,2.0,99501.0,26631.0,79611.0,24615.0,24010.0,5991.0,16747.0,5875.0
BRN,Brunei Darussalam,2020Q1,2020,1,year-to-date,1.0,2026-07-19,NC,K,1.422,20.581575,0.64175,0.165925,6.624491,1.66821,20.240439,21.347346,77.51734,89.070966,22687.0,29267.0,6740.0,7567.0,40.521003,24.406528,2.07747,0.534366,2.0,2.0,29267.0,7567.0,22687.0,6740.0,29267.0,7567.0,22687.0,6740.0
BRN,Brunei Darussalam,2020Q2,2020,2,year-to-date,1.0,2026-07-19,NC,K,1.394,38.606887,0.632245,0.153826,12.18153,2.886684,21.288097,21.508097,74.534542,91.331908,40113.0,53818.0,11959.0,13094.0,33.97153,29.626223,1.91674,3.595537,2.0,2.0,53818.0,13094.0,40113.0,11959.0,24551.0,5527.0,17426.0,5219.0
BRN,Brunei Darussalam,2020Q3,2020,3,year-to-date,1.0,2026-07-19,NC,K,1.365,56.414652,0.616892,0.165298,17.430059,4.548942,20.974631,21.247911,77.308262,90.782204,59532.0,77006.0,18732.0,20634.0,36.934758,26.97523,1.784181,5.108936,2.0,2.0,77006.0,20634.0,59532.0,18732.0,23188.0,7540.0,19419.0,6773.0
BRN,Brunei Darussalam,2020Q4,2020,4,year-to-date,1.0,2026-07-19,NC,K,1.322,83.097579,0.663825,0.166508,24.865324,6.074735,19.62712,21.173351,73.006235,93.485756,80201.0,109855.0,25760.0,27555.0,38.974576,26.040373,1.586151,7.435375,2.0,2.0,109855.0,27555.0,80201.0,25760.0,32849.0,6921.0,20669.0,7028.0
BRN,Brunei Darussalam,2021Q1,2021,1,year-to-date,1.0,2026-07-19,NC,K,1.345,23.565799,0.7479,0.176428,7.191949,1.696561,21.447519,21.485726,78.640838,92.229504,24926.0,31696.0,6896.0,7477.0,50.750221,22.186775,0.533375,0.252129,2.0,2.0,31696.0,7477.0,24926.0,6896.0,31696.0,7477.0,24926.0,6896.0
BRN,Brunei Darussalam,2021Q2,2021,2,year-to-date,1.0,2026-07-19,NC,K,1.345,45.087732,0.681275,0.109208,13.76014,2.205734,20.47082,22.312741,77.135036,126.972534,46777.0,60643.0,12343.0,9721.0,42.172435,21.688406,0.852989,1.212794,2.0,2.0,60643.0,9721.0,46777.0,12343.0,28947.0,2244.0,21851.0,5447.0
BRN,Brunei Darussalam,2021Q3,2021,3,year-to-date,1.0,2026-07-19,NC,K,1.358,65.681149,0.656362,0.141302,20.238703,4.357011,20.88926,22.315567,72.957004,91.204041,65074.0,89195.0,17513.0,19202.0,39.304484,20.681779,1.679606,2.145423,2.0,2.0,89195.0,19202.0,65074.0,17513.0,28552.0,9481.0,18297.0,5170.0
BRN,Brunei Darussalam,2021Q4,2021,4,year-to-date,1.0,2026-07-19,NC,K,1.349,88.128984,0.631633,0.135926,26.97571,5.805112,22.168758,21.804924,68.1939,87.238118,81073.0,118886.0,22319.0,25584.0,37.608082,21.354003,1.257765,2.916376,2.0,2.0,118886.0,25584.0,81073.0,22319.0,29691.0,6382.0,15999.0,4806.0
BRN,Brunei Darussalam,2022Q1,2022,1,year-to-date,1.0,2026-07-19,NC,K,1.355,22.410332,0.604323,0.119388,6.817692,1.346879,20.852124,22.251369,86.619904,95.632605,26303.0,30366.0,5737.0,5999.0,21.092651,20.306781,-12.164393,-1.47487,2.0,2.0,30366.0,5999.0,26303.0,5737.0,30366.0,5999.0,26303.0,5737.0
BRN,Brunei Darussalam,2022Q2,2022,2,year-to-date,1.0,2026-07-19,NC,K,1.391,41.872753,0.514923,0.112232,13.077009,2.850247,22.603337,21.959851,83.100695,95.037416,48402.0,58245.0,12065.0,12695.0,34.676253,21.898052,-12.028988,-4.138909,2.0,2.0,58245.0,12695.0,48402.0,12065.0,27879.0,6696.0,22099.0,6328.0
BRN,Brunei Darussalam,2022Q3,2022,3,year-to-date,1.0,2026-07-19,NC,K,1.435,62.471777,0.524733,0.118378,20.127301,4.540638,22.606883,21.819573,78.949658,94.867484,70776.0,89647.0,19186.0,20224.0,33.610263,19.628896,-11.058637,134.442515,2.0,2.0,89647.0,20224.0,70776.0,19186.0,31402.0,7529.0,22374.0,7121.0
BRN,Brunei Darussalam,2022Q4,2022,4,year-to-date,1.0,2026-07-19,NC,K,1.34,95.163433,0.558968,0.113311,28.63022,5.803772,21.883812,21.679062,69.074412,94.282398,88083.0,127519.0,24372.0,25850.0,34.624161,22.534055,-5.864464,-5.742008,2.0,2.0,127519.0,25850.0,88083.0,24372.0,37872.0,5626.0,17307.0,5186.0
BRN,Brunei Darussalam,2023Q1,2023,1,year-to-date,1.0,2026-07-19,NC,K,,31.562,0.637848,0.136373,7.086215,1.515043,21.923715,22.06127,84.465496,93.212804,26659.0,31562.0,6290.0,6748.0,30.424997,20.715421,4.720232,0.301471,2.0,2.0,31562.0,6748.0,26659.0,6290.0,31562.0,6748.0,26659.0,6290.0
BRN,Brunei Darussalam,2023Q2,2023,2,year-to-date,1.0,2026-07-19,NC,K,,60.663,0.621413,0.142111,13.619892,3.114728,23.685273,21.86445,77.747556,93.0945,47164.0,60663.0,12915.0,13873.0,35.849377,22.40031,7.317756,1.64887,2.0,2.0,60663.0,13873.0,47164.0,12915.0,29101.0,7125.0,20505.0,6625.0
BRN,Brunei Darussalam,2023Q3,2023,3,year-to-date,1.0,2026-07-19,NC,K,,88.05,0.882663,0.22867,19.768747,5.121464,24.123633,21.494991,77.399205,94.629784,68150.0,88050.0,21586.0,22811.0,36.494497,21.676086,4.879107,1.596458,2.0,2.0,88050.0,22811.0,68150.0,21586.0,27387.0,8938.0,20986.0,8671.0
BRN,Brunei Darussalam,2023Q4,2023,4,year-to-date,1.0,2026-07-19,NC,K,,127.069,1.212814,0.297837,28.080058,6.843337,23.036025,21.692667,72.417348,94.686749,92020.0,127069.0,29547.0,31205.0,39.732667,23.572613,8.425961,3.146609,2.0,2.0,127069.0,31205.0,92020.0,29547.0,39019.0,8394.0,23870.0,7961.0
JOR,Jordan,2019Q1,2019,1,year-to-date,1.0,2026-07-19,NC,G,0.709,24.019922,55560.313328,19651.858304,161.361806,57.07418,50.046082,20.243979,52.772372,71.459818,8987201.0,17030125.0,4304460.0,6023609.0,31.24819,25.17701,8.0031,25.0,3.0,3.0,17030125.0,6023609.0,14758831.0,5068798.0,17030125.0,6023609.0,14758831.0,5068798.0
JOR,Jordan,2019Q2,2019,2,year-to-date,1.0,2026-07-19,NC,G,0.709,43.418282,100430.522387,21609.684323,291.676729,62.760224,50.566156,20.319409,51.625546,63.287409,15892182.0,30783562.0,4191977.0,6623714.0,31.889669,30.251615,8.869485,3.25,3.0,3.0,30783562.0,6623714.0,27538585.0,5225631.0,13753437.0,600105.0,12779754.0,156833.0
JOR,Jordan,2019Q3,2019,3,year-to-date,1.0,2026-07-19,NC,G,0.709,66.090776,152874.107714,24586.817654,443.986735,71.406604,50.990371,21.695409,52.291593,56.435221,24502983.0,46858360.0,4253101.0,7536253.0,30.690867,29.992281,8.090406,3.1,3.0,3.0,46858360.0,7536253.0,42002479.0,5803152.0,16074798.0,912539.0,14463894.0,577521.0
JOR,Jordan,2019Q4,2019,4,year-to-date,1.0,2026-07-19,NC,G,0.709,87.440427,194032.308848,27243.053426,587.41011,82.475156,53.336902,24.252651,53.049432,59.176065,32888135.0,61995263.0,5150938.0,8704428.0,29.760809,29.362574,6.222565,2.5,3.0,3.0,61995263.0,8704428.0,56046325.0,7405963.0,15136903.0,1168175.0,14043846.0,1602811.0
JOR,Jordan,2020Q1,2020,1,year-to-date,1.0,2026-07-19,NC,G,0.709,28.565643,63387.815718,20421.780226,187.424033,60.382778,48.730078,21.318621,46.143801,58.162291,9345523.0,20253041.0,3795068.0,6524963.0,32.537933,30.272659,5.477348,3.0,3.0,3.0,20253041.0,6524963.0,17942969.0,4860015.0,20253041.0,6524963.0,17942969.0,4860015.0
JOR,Jordan,2020Q2,2020,2,year-to-date,1.0,2026-07-19,NC,G,0.709,41.882536,92938.30553,23571.584614,274.798427,69.696067,49.269421,20.429824,51.709321,53.897883,15354937.0,29694718.0,4059242.0,7531357.0,35.236035,36.17131,5.910676,3.0,3.0,3.0,29694718.0,7531357.0,26648441.0,5833580.0,9441677.0,1006394.0,8705472.0,973565.0
JOR,Jordan,2020Q3,2020,3,year-to-date,1.0,2026-07-19,NC,G,0.709,62.999673,139797.715251,28037.795374,413.351545,82.901684,50.108532,15.007774,51.946872,50.57707,23202989.0,44666768.0,4530874.0,8958356.0,36.251511,35.63083,5.59656,2.8,3.0,3.0,44666768.0,8958356.0,39968326.0,7169264.0,14972050.0,1426999.0,13319885.0,1335684.0
JOR,Jordan,2020Q4,2020,4,year-to-date,1.0,2026-07-19,NC,G,0.709,81.078165,183767.255627,33867.079482,531.967601,98.038081,55.288886,10.555687,53.254984,47.778246,30613318.0,57484419.0,5061625.0,10593995.0,32.875858,42.472032,5.655012,3.0,3.0,3.0,57484419.0,10593995.0,52060355.0,8815627.0,12817651.0,1635639.0,12092029.0,1646363.0
JOR,Jordan,2021Q1,2021,1,year-to-date,1.0,2026-07-19,NC,G,0.709,27.084058,61387.217841,22291.97183,177.7031,64.530576,50.946747,10.420949,45.657246,59.46959,8767377.0,19202597.0,4146918.0,6973174.0,37.463645,29.429711,4.309471,0.75,3.0,3.0,19202597.0,6973174.0,16885814.0,5067442.0,19202597.0,6973174.0,16885814.0,5067442.0
JOR,Jordan,2021Q2,2021,2,year-to-date,1.0,2026-07-19,NC,G,0.709,43.967622,99654.564577,26404.346394,288.47903,76.435036,53.938544,-7.259687,47.660918,54.539256,14857359.0,31173044.0,4504708.0,8259570.0,37.607263,33.119705,7.150031,1.5,3.0,3.0,31173044.0,8259570.0,28000509.0,6161746.0,11970447.0,1286396.0,11114695.0,1094304.0
JOR,Jordan,2021Q3,2021,3,year-to-date,1.0,2026-07-19,NC,G,0.709,66.000075,149592.095547,32047.56866,433.037692,92.770979,53.564062,-3.640154,59.739014,50.5357,27954306.0,46794053.0,5066119.0,10024832.0,29.835818,34.555327,6.422637,2.25,3.0,3.0,46794053.0,10024832.0,41975961.0,7395658.0,15621009.0,1765262.0,13975452.0,1233912.0
JOR,Jordan,2021Q4,2021,4,year-to-date,1.0,2026-07-19,NC,G,0.709,84.393797,185225.938664,37016.258099,553.722025,110.657922,59.498518,-0.922184,52.009008,47.127026,31119695.0,59835202.0,5635306.0,11957695.0,31.821668,43.326875,5.978237,3.0,3.0,3.0,59835202.0,11957695.0,54176910.0,8970655.0,13041149.0,1932863.0,12200949.0,1574997.0
JOR,Jordan,2022Q1,2022,1,year-to-date,1.0,2026-07-19,NC,G,0.709,73.251361,160770.727373,26547.59642,480.614612,79.362475,53.789538,-4.497892,46.609937,47.105747,24206971.0,51935215.0,4039746.0,8575909.0,15.29502,34.395677,5.361594,4.0,3.0,3.0,51935215.0,8575909.0,49458791.0,5180490.0,51935215.0,8575909.0,49458791.0,5180490.0
JOR,Jordan,2022Q2,2022,2,year-to-date,1.0,2026-07-19,NC,G,0.709,77.273052,169597.460369,33286.603166,507.00161,99.508338,53.862007,-4.381876,49.716358,42.745607,27237899.0,54786594.0,4596380.0,10752871.0,22.683681,37.909224,6.356638,2.0,3.0,3.0,54786594.0,10752871.0,51377233.0,6849610.0,2851379.0,2176962.0,1918442.0,1669120.0
JOR,Jordan,2022Q3,2022,3,year-to-date,1.0,2026-07-19,NC,G,0.709,84.011913,184387.785995,40221.480998,551.216417,120.239746,53.293369,-4.449974,52.507491,39.936899,31275796.0,59564446.0,5189044.0,12993107.0,27.789515,38.068303,4.913336,1.333333,3.0,3.0,59564446.0,12993107.0,54333593.0,8523811.0,4777852.0,2240236.0,2956360.0,1674201.0
JOR,Jordan,2022Q4,2022,4,year-to-date,1.0,2026-07-19,NC,G,0.709,101.903061,214456.343965,44740.856944,668.603276,139.487053,55.706221,-2.266165,59.072533,37.264989,42679474.0,72249270.0,5616941.0,15072971.0,23.329177,46.676296,4.680789,4.2,3.0,3.0,72249270.0,15072971.0,66229761.0,10027301.0,12684824.0,2079864.0,11896168.0,1503490.0
MYS,Malaysia,2019Q1,2019,1,year-to-date,1.0,2026-07-19,NC,M,4.085,215.668615,0.243399,1.365341,2697.508549,15131.62805,30.069119,13.466017,78.563431,93.549663,692.148767,881.006292,2560.723021,2737.287281,31.387673,18.674019,6.043266,1.026091,4.0,11.0,881.006292,2737.287281,692.148767,2560.723021,881.006292,2737.287281,692.148767,2560.723021
MYS,Malaysia,2019Q2,2019,2,year-to-date,1.0,2026-07-19,NC,M,4.1335,395.175091,0.44032,1.356167,5013.677833,15441.909672,30.264598,12.994772,81.56251,92.851279,1332.287913,1633.456238,4456.027864,4799.102276,29.675221,19.155279,6.205976,2.009919,4.0,11.0,1633.456238,4799.102276,1332.287913,4456.027864,752.449946,2061.8149949999997,640.1391459999999,1895.304843
MYS,Malaysia,2019Q3,2019,3,year-to-date,1.0,2026-07-19,NC,M,4.19,591.954311,0.649392,1.345181,7601.252102,15745.588737,30.931551,12.917562,82.627138,92.670682,2049.391443,2480.288561,6502.719807,7017.019515,29.261193,19.576693,6.030464,2.980328,4.0,11.0,2480.288561,7017.019515,2049.391443,6502.719807,846.8323229999999,2217.9172390000003,717.1035300000001,2046.6919430000007
MYS,Malaysia,2019Q4,2019,4,year-to-date,1.0,2026-07-19,NC,M,4.093,809.279972,0.836834,1.349127,10135.81067,16340.745869,30.720465,13.371766,82.228625,92.605984,2723.726943,3312.382927,8606.968032,9294.181307,29.281455,19.816227,5.961531,3.894665,4.0,11.0,3312.382927,9294.181306,2723.726943,8606.968032,832.0943660000003,2277.1617910000004,674.3355000000001,2104.2482250000003
MYS,Malaysia,2020Q1,2020,1,year-to-date,1.0,2026-07-19,NC,M,,925.110041,0.251579,1.491767,2840.374704,16842.353862,31.045887,13.277652,77.916773,91.843397,720.815895,925.110041,2842.720107,3095.181789,31.930194,16.954189,5.280989,1.067535,4.0,11.0,925.110041,3095.181789,720.815895,2842.720107,925.110041,3095.181789,720.815895,2842.720107
MYS,Malaysia,2020Q2,2020,2,year-to-date,1.0,2026-07-19,NC,M,,1643.439723,0.543559,1.825193,5044.32082,16938.115506,30.331509,12.94235,79.487168,89.556334,1306.323698,1643.439723,4336.487445,4842.18955,30.632884,17.790979,5.652257,1.914972,4.0,11.0,1643.439723,4842.18955,1306.323698,4336.487445,718.3296819999999,1747.0077609999998,585.507803,1493.7673379999997
MYS,Malaysia,2020Q3,2020,3,year-to-date,1.0,2026-07-19,NC,M,,2569.834931,0.697125,1.568571,7882.929236,17737.027509,30.691594,12.678906,80.153997,88.898321,2059.825426,2569.834931,6497.839391,7309.293747,30.095305,17.929296,5.613972,2.730588,4.0,11.0,2569.834931,7309.293747,2059.825426,6497.839391,926.3952079999999,2467.1041969999997,753.501728,2161.3519460000007
MYS,Malaysia,2020Q4,2020,4,year-to-date,1.0,2026-07-19,NC,M,,3464.956605,0.913521,1.612359,10622.184565,18748.098921,30.173625,12.936319,79.777494,89.001964,2764.255544,3464.956605,8864.025136,9959.359043,29.7311,18.707404,5.492708,3.536909,4.0,11.0,3464.956605,9959.359043,2764.255544,8864.025136,895.121674,2650.0652960000007,704.4301180000002,2366.1857449999998
MYS,Malaysia,2021Q1,2021,1,year-to-date,1.0,2026-07-19,NC,M,,1078.030471,0.290176,1.733414,3306.841936,19753.996196,30.406792,13.009897,72.585458,92.470648,782.493355,1078.030471,3376.878403,3651.838167,32.049257,14.617976,5.287963,0.981949,4.0,11.0,1078.030471,3651.838167,782.493355,3376.878403,1078.030471,3651.838167,782.493355,3376.878403
MYS,Malaysia,2021Q2,2021,2,year-to-date,1.0,2026-07-19,NC,M,,1864.878512,0.498013,1.789847,5720.486233,20559.288396,29.245583,13.258393,75.756736,91.314961,1412.771086,1864.878512,5776.270862,6325.656623,30.838347,15.942003,5.594133,1.889698,4.0,11.0,1864.878512,6325.656623,1412.771086,5776.270862,786.848041,2673.818456,630.277731,2399.392459
MYS,Malaysia,2021Q3,2021,3,year-to-date,1.0,2026-07-19,NC,M,,2741.011563,0.724794,1.859856,8408.010929,21575.3535,29.760683,12.999554,76.774303,90.730247,2104.392529,2741.011563,8091.24182,8917.910017,30.547556,16.420442,5.760147,2.774246,4.0,11.0,2741.011563,8917.910017,2104.392529,8091.24182,876.133051,2592.2533940000003,691.6214430000002,2314.970958
MYS,Malaysia,2021Q4,2021,4,year-to-date,1.0,2026-07-19,NC,M,,3833.175166,0.902462,1.747825,11758.206031,22772.476963,29.517524,13.217669,76.548243,90.608014,2934.228252,3833.175166,10869.44415,11996.117831,30.393902,16.813038,5.817296,3.635554,4.0,11.0,3833.175166,11996.117831,2934.228252,10869.44415,1092.163603,3078.2078139999994,829.8357229999997,2778.202329999999
MYS,Malaysia,2022Q1,2022,1,year-to-date,1.0,2026-07-19,NC,M,,1224.399731,0.289934,1.790961,3755.827396,23200.252298,29.6535,13.043368,73.943137,92.528849,905.359569,1224.399731,4096.317663,4427.070816,32.31707,13.436108,5.828393,0.95037,4.0,11.0,1224.399731,4427.070816,905.359569,4096.317663,1224.399731,4427.070816,905.359569,4096.317663
MYS,Malaysia,2022Q2,2022,2,year-to-date,1.0,2026-07-19,NC,M,,2232.121006,0.502065,1.758329,6826.058122,23906.195896,30.443217,12.945643,76.255428,91.242537,1702.113427,2232.121006,6886.338019,7547.289096,30.860411,15.211346,5.88698,1.919627,4.0,11.0,2232.121006,7547.289096,1702.113427,6886.338019,1007.7212749999999,3120.21828,796.753858,2790.020356
MYS,Malaysia,2022Q3,2022,3,year-to-date,1.0,2026-07-19,NC,M,,3306.822202,0.723599,1.769159,10051.131313,24574.456137,30.844454,12.770969,77.763658,89.881275,2571.505902,3306.822202,9921.710819,11038.684959,30.395394,16.131576,5.860546,2.93655,4.0,11.0,3306.822202,11038.684959,2571.505902,9921.710819,1074.701196,3491.3958629999997,869.3924749999999,3035.3728
MYS,Malaysia,2022Q4,2022,4,year-to-date,1.0,2026-07-19,NC,M,,4641.633609,0.992927,1.784668,14065.556391,25281.161312,29.692241,13.117354,76.77278,89.393924,3563.511181,4641.633609,12740.266049,14251.825473,30.239876,16.795988,5.908812,3.791836,4.0,11.0,4641.633609,14251.825473,3563.511181,12740.266049,1334.8114070000006,3213.1405140000006,992.005279,2818.55523
NGA,Nigeria,2019Q1,2019,1,year-to-date,1.0,2026-07-19,NC,K,306.92,894.678382,,,,,44.008551,13.256064,104.280955,113.479492,286349965.0,274594689.0,86665936.0,76371452.0,35.068135,86.473993,0.549785,0.548298,,,274594689.0,76371452.0,286349965.0,86665936.0,274594689.0,76371452.0,286349965.0,86665936.0
NGA,Nigeria,2019Q2,2019,2,year-to-date,1.0,2026-07-19,NC,K,306.95,1337.254827,,,,,15.026499,8.595199,73.483467,92.376326,301627857.0,410470369.0,160688703.0,173950090.0,71.138141,87.268442,1.991539,1.458251,,,410470369.0,173950090.0,301627857.0,160688703.0,135875680.0,97578638.0,15277892.0,74022767.0
NGA,Nigeria,2019Q3,2019,3,year-to-date,1.0,2026-07-19,NC,K,306.92,1772.513091,,,,,0.818979,4.103183,63.32084,90.643032,344477856.0,544019718.0,227780503.0,251294003.0,97.236997,108.943949,3.554924,11.504977,,,544019718.0,251294003.0,344477856.0,227780503.0,133549349.0,77343913.0,42849999.0,67091800.0
NGA,Nigeria,2019Q4,2019,4,year-to-date,1.0,2026-07-19,NC,K,307.0,2340.959775,,,,,-1.035459,13.335852,60.259337,88.867391,433068582.0,718674651.0,388287030.0,436928580.0,98.360781,89.301549,8.135508,5.301886,,,718674651.0,436928580.0,433068582.0,388287030.0,174654933.0,185634577.0,88590726.0,160506527.0
NGA,Nigeria,2020Q1,2020,1,year-to-date,1.0,2026-07-19,NC,K,361.0,1157.382712,,,,,24.820798,20.235557,99.401768,112.962238,415315653.0,417815159.0,156229831.0,138302705.0,50.107435,64.647417,0.626892,0.190681,,,417815159.0,138302705.0,415315653.0,156229831.0,417815159.0,138302705.0,415315653.0,156229831.0
NGA,Nigeria,2020Q2,2020,2,year-to-date,1.0,2026-07-19,NC,K,361.0,1739.885842,,,,,20.642047,19.914787,75.371131,83.365527,473405161.0,628098789.0,231694068.0,277925512.0,61.31192,73.798308,2.481311,2.029636,,,628098789.0,277925512.0,473405161.0,231694068.0,210283630.0,139622807.0,58089508.0,75464237.0
NGA,Nigeria,2020Q3,2020,3,year-to-date,1.0,2026-07-19,NC,K,362.0,2739.386561,,,,,29.92591,26.358482,72.843531,90.197415,722358651.0,991657935.0,608361767.0,674478051.0,76.308081,59.75537,6.683183,4.117057,4.0,4.0,991657935.0,674478051.0,722358651.0,608361767.0,363559146.0,396552539.0,248953490.0,376667699.0
NGA,Nigeria,2020Q4,2020,4,year-to-date,1.0,2026-07-19,NC,K,381.0,3940.134262,,,,,25.737968,22.301167,66.302469,86.167975,995326804.0,1501191154.0,1102987490.0,1280043420.0,36.200949,60.991607,5.652434,5.698489,4.0,4.0,1501191154.0,1280043420.0,995326804.0,1102987490.0,509533219.0,605565369.0,272968153.0,494625723.0
NGA,Nigeria,2021Q1,2021,1,year-to-date,1.0,2026-07-19,NC,K,381.0,1541.341709,,,,,47.819771,42.563674,108.637077,105.58327,637972529.0,587251191.0,952218858.0,901865288.0,24.832112,31.633093,1.637546,2.260724,4.0,4.0,587251191.0,901865288.0,637972529.0,952218858.0,587251191.0,901865288.0,637972529.0,952218858.0
NGA,Nigeria,2021Q2,2021,2,year-to-date,1.0,2026-07-19,NC,K,403.0,2546.236998,,,,,51.191717,42.255977,89.490159,83.784808,918288510.0,1026133510.0,1604913520.0,1915518520.0,45.852027,42.923247,3.443689,5.094092,4.0,4.0,1026133510.0,1915518520.0,918288510.0,1604913520.0,438882319.0,1013653232.0,280315981.0,652694662.0
NGA,Nigeria,2021Q3,2021,3,year-to-date,1.0,2026-07-19,NC,K,410.3,3726.999303,,,,,36.013792,48.984838,79.424829,85.099383,1214554814.0,1529187814.0,2699300011.0,3171938404.0,62.82483,44.604749,3.94589,3.761067,4.0,4.0,1529187814.0,3171938404.0,1214554814.0,2699300011.0,503054304.0,1256419884.0,296266304.0,1094386491.0
NGA,Nigeria,2021Q4,2021,4,year-to-date,1.0,2026-07-19,NC,K,412.99,4676.477423,,,,,31.529782,22.796287,65.166849,83.710766,1258592394.0,1931338411.0,3715360479.0,4438330507.0,61.964505,84.693078,4.552316,4.586948,4.0,4.0,1931338411.0,4438330507.0,1258592394.0,3715360479.0,402150597.0,1266392103.0,44037580.0,1016060468.0
NGA,Nigeria,2022Q1,2022,1,year-to-date,1.0,2026-07-19,NC,K,416.0,2341.41771,,,,,20.624773,98.088393,101.40434,110.018066,987708460.998102,974029767.325026,1543386604.524335,1402848331.690776,14.215089,6.140592,1.336719,1.077211,4.0,4.0,974029767.325026,1402848331.690776,987708460.998102,1543386604.524335,974029767.325026,1402848331.690776,987708460.998102,1543386604.524335
NGA,Nigeria,2022Q2,2022,2,year-to-date,1.0,2026-07-19,NC,K,415.0,3701.604695,,,,,20.455304,25.951225,84.363982,93.493887,1295970767.212309,1536165948.500001,2281657746.938149,2440435207.06576,7.483358,53.416738,3.796959,4.92711,4.0,4.0,1536165948.500001,2440435207.06576,1295970767.212309,2281657746.938149,562136181.1749749,1037586875.374984,308262306.21420693,738271142.4138141
NGA,Nigeria,2022Q3,2022,3,year-to-date,1.0,2026-07-19,NC,K,435.0,5130.977692,,,,,18.045935,24.660858,81.587195,94.150477,1821006033.901135,2231975295.874792,3206176375.786371,3405374549.413358,27.899536,56.208594,3.394699,5.332925,4.0,4.0,2231975295.874792,3405374549.413358,1821006033.901135,3206176375.786371,695809347.3747911,964939342.3475981,525035266.6888261,924518628.8482223
NGA,Nigeria,2022Q4,2022,4,year-to-date,1.0,2026-07-19,NC,K,460.0,7028.520726,,,,,18.271929,73.96062,73.59741,92.044335,2379492232.593284,3233119533.968293,4403804121.056772,4784437999.718521,102.072441,14.458368,4.640646,9.004062,4.0,4.0,3233119533.968293,4784437999.718521,2379492232.593284,4403804121.056772,1001144238.0935011,1379063450.305163,558486198.6921492,1197627745.270401
SAU,Saudi Arabia,2019Q1,2019,1,quarterly flow,0.0,2026-07-19,NC,K,3.75,3142.569829,1.236053,0.038165,107415.990791,3316.631183,37.590116,576.727282,85.663144,73.691331,10095090.49,11784636.86,168016.67,228000.59,76.023028,97.393831,1.823304,0.499302,31.0,2.0,11784636.86,228000.59,10095090.49,168016.67,11784636.86,228000.59,10095090.49,168016.67
SAU,Saudi Arabia,2019Q2,2019,2,quarterly flow,0.0,2026-07-19,NC,K,3.75,2134.60269,1.236053,0.038165,107415.990791,3316.631183,38.852223,571.011592,82.990637,73.933497,6643201.375666,8004760.08932,181166.07213,245039.22952,116.221984,98.312609,1.767958,0.41554,31.0,2.0,8004760.08932,245039.22952,6643201.375666,181166.07213,8004760.08932,245039.22952,6643201.375666,181166.07213
SAU,Saudi Arabia,2019Q3,2019,3,quarterly flow,0.0,2026-07-19,NC,K,3.75,2307.417645,1.236053,0.038165,107415.990791,3316.631183,38.101455,572.367784,87.122867,75.393984,7538581.556631,8652816.16885,168986.93157,224138.48357,101.129375,105.163211,1.690354,-0.05166,31.0,2.0,8652816.16885,224138.48357,7538581.556631,168986.93157,8652816.16885,224138.48357,7538581.556631,168986.93157
SAU,Saudi Arabia,2019Q4,2019,4,quarterly flow,0.0,2026-07-19,NC,K,3.75,2216.904165,1.236053,0.038165,107415.990791,3316.631183,40.030135,413.755407,79.457941,63.749301,6605648.998307,8313390.61846,279034.86615,437706.55355,117.427916,73.944963,1.960604,0.292201,31.0,2.0,8313390.61846,437706.55355,6605648.998307,279034.86615,8313390.61846,437706.55355,6605648.998307,279034.86615
SAU,Saudi Arabia,2020Q1,2020,1,quarterly flow,0.0,2026-07-19,NC,K,3.75,3317.196046,1.428906,0.048131,107185.98845,3610.401346,36.799996,431.401256,83.363103,66.169948,10369940.809056,12439485.17212,201532.94829,304568.69724,78.408513,97.324655,1.410143,-0.522825,30.0,2.0,12439485.17212,304568.69724,10369940.809056,201532.94829,12439485.17212,304568.69724,10369940.809056,201532.94829
SAU,Saudi Arabia,2020Q2,2020,2,quarterly flow,0.0,2026-07-19,NC,K,3.75,2224.229303,1.428906,0.048131,107185.98845,3610.401346,39.936989,424.207546,80.596731,67.207879,6722460.38547,8340859.88602,218859.41253,325645.47075,101.456942,103.720512,1.868445,0.422408,30.0,2.0,8340859.88602,325645.47075,6722460.38547,218859.41253,8340859.88602,325645.47075,6722460.38547,218859.41253
SAU,Saudi Arabia,2020Q3,2020,3,quarterly flow,0.0,2026-07-19,NC,K,3.75,2279.205118,1.428906,0.048131,107185.98845,3610.401346,42.727608,429.136084,84.15374,73.060524,7192636.332736,8547019.19222,217728.49217,298011.12825,99.094435,107.939915,1.212304,0.474279,30.0,2.0,8547019.19222,298011.12825,7192636.332736,217728.49217,8547019.19222,298011.12825,7192636.332736,217728.49217
SAU,Saudi Arabia,2020Q4,2020,4,quarterly flow,0.0,2026-07-19,NC,K,3.75,2183.394856,1.428906,0.096261,107185.98845,7220.802692,44.053156,426.589619,83.562128,65.969771,6841841.995692,8187730.708684,221272.6226,335415.17489,115.577234,102.031856,1.538934,0.3155,29.0,2.0,8187730.708684,335415.17489,6841841.995692,221272.6226,8187730.708684,335415.17489,6841841.995692,221272.6226
SAU,Saudi Arabia,2021Q1,2021,1,quarterly flow,0.0,2026-07-19,NC,K,3.75,3309.622139,1.290022,0.054618,115209.262815,4877.79688,41.339356,415.982154,86.091347,68.485819,10684868.57724,12411083.019444,263321.20293,384490.11398,73.176075,96.786025,1.364387,0.493612,29.0,2.0,12411083.019444,384490.11398,10684868.57724,263321.20293,12411083.019444,384490.11398,10684868.57724,263321.20293
SAU,Saudi Arabia,2021Q2,2021,2,quarterly flow,0.0,2026-07-19,NC,K,3.75,2403.903391,1.290022,0.054618,115209.262815,4877.79688,42.037617,393.730926,77.533041,61.678863,6989322.738093,9014637.716295,269166.11633,436399.2867,112.036039,114.065965,1.506409,0.455432,29.0,2.0,9014637.716295,436399.2867,6989322.738093,269166.11633,9014637.716295,436399.2867,6989322.738093,269166.11633
SAU,Saudi Arabia,2021Q3,2021,3,quarterly flow,0.0,2026-07-19,NC,K,3.75,2534.995765,1.290022,0.054618,115209.262815,4877.79688,44.142679,387.518344,83.042577,65.550888,7894221.774246,9506234.118295,245807.56473,374987.3934,105.407838,117.051627,1.121343,0.436123,29.0,2.0,9506234.118295,374987.3934,7894221.774246,245807.56473,9506234.118295,374987.3934,7894221.774246,245807.56473
SAU,Saudi Arabia,2021Q4,2021,4,quarterly flow,0.0,2026-07-19,NC,K,3.75,2504.343235,1.290022,0.054618,115209.262815,4877.79688,43.990126,375.325717,84.702952,58.704961,7954697.446738,9391287.131088,300189.05835,511352.11376,116.717918,106.32966,1.242926,0.417568,28.0,2.0,9391287.131088,511352.11376,7954697.446738,300189.05835,9391287.131088,511352.11376,7954697.446738,300189.05835
SAU,Saudi Arabia,2022Q1,2022,1,quarterly flow,0.0,2026-07-19,NC,K,3.75,3861.244722,1.238885,0.045086,150927.494403,5492.563674,39.274764,359.013835,88.180655,60.569036,12768265.88035,14479667.70792,304118.67595,502102.5505,72.507176,107.19881,1.47377,0.683454,27.0,0.0,14479667.70792,502102.5505,12768265.88035,304118.67595,14479667.70792,502102.5505,12768265.88035,304118.67595
SAU,Saudi Arabia,2022Q2,2022,2,quarterly flow,0.0,2026-07-19,NC,K,3.75,3088.150438,1.238885,0.045086,150927.494403,5492.563674,37.344552,378.525102,78.419321,58.788877,9081399.713745,11580564.142984,346485.11024,589371.88559,105.250184,78.668065,1.440689,-0.702473,27.0,0.0,11580564.142984,589371.88559,9081399.713745,346485.11024,11580564.142984,589371.88559,9081399.713745,346485.11024
SAU,Saudi Arabia,2022Q3,2022,3,quarterly flow,0.0,2026-07-19,NC,K,3.75,3350.139532,1.238885,0.045086,150927.494403,5492.563674,36.194716,396.640269,82.757947,67.097413,10396900.127557,12563023.246855,318286.8953,474365.37821,96.89587,101.608285,1.458631,0.375066,27.0,0.0,12563023.246855,474365.37821,10396900.127557,318286.8953,12563023.246855,474365.37821,10396900.127557,318286.8953
SAU,Saudi Arabia,2022Q4,2022,4,quarterly flow,0.0,2026-07-19,NC,K,3.75,3429.160629,1.238885,0.045086,150927.494403,5492.563674,37.33937,422.604145,87.134976,72.528519,11204993.603209,12859352.357968,223183.85063,307718.74892,105.287342,82.852266,1.630416,-0.547,27.0,0.0,12859352.357968,307718.74892,11204993.603209,223183.85063,12859352.357968,307718.74892,11204993.603209,223183.85063
