iso3,period,year,quarter,penetr_gen,penetr_fam,densite_gen,densite_fam,equity_assets_gen,equity_assets_fam,retention_gen,retention_fam,opex_ratio_gen,opex_ratio_fam,invest_income_gen,invest_income_fam,operateurs_gen,operateurs_fam,gwc_gen,gwc_fam,nwc_gen,nwc_fam,gwc_gen_flux,gwc_fam_flux,nwc_gen_flux,nwc_fam_flux,wui_raw,wui_ma3,wui_global,specA,covid,ln_gwc_gen,ln_gwc_fam
ARE,2019Q1,2019,1,0.198068,0.116864,8157.209778,4812.922636,1.86362,24.935985,52.75128,68.205522,88.261263,90.696396,-5.354141,0.72972,6,2,243795795.161572,146830047.57125,128605401.383209,100146200.009536,243795795.161572,146830047.57125,128605401.383209,100146200.009536,0.2166691,0.0795251,36588.02,TRUE,FALSE,19.311841527781382,18.804786336927695
ARE,2019Q2,2019,2,0.201573,0.120832,8301.571435,4976.326115,1.717254,24.531279,46.113693,77.419159,114.43483,101.070239,-3.443173,0.251494,6,2,192888513.757016,110537740.75173,88948017.189458,85577389.482317,192888513.757016,110537740.75173,88948017.189458,85577389.482317,0.0740302,0.0441647,40489.04,TRUE,FALSE,19.077622931038363,18.5208675658733
ARE,2019Q3,2019,3,0.205776,0.122174,8474.670749,5031.598,1.265396,24.86368,52.349835,87.697855,102.266361,100.842508,-6.648128,-0.102588,6,2,192426313.584546,109837609.477685,100734856.974655,96325227.936897,192426313.584546,109837609.477685,100734856.974655,96325227.936897,0.0801732,0.03066,32800.98,TRUE,FALSE,19.075223851836846,18.514513555509854
ARE,2019Q4,2019,4,0.20094,0.117681,8275.505087,4846.557554,1.286386,26.062589,57.435483,71.675875,84.375776,127.295584,-17.5377,0.4192,6,2,160372562.821994,95156192.885946,92110755.761443,68204033.541496,160372562.821994,95156192.885946,92110755.761443,68204033.541496,0.0601576,0.0225165,52716.26,TRUE,FALSE,18.893010184039436,18.371030235094988
ARE,2020Q1,2020,1,0.199899,0.116864,8233.048533,4813.18492,79.050487,81.825829,52.636294,81.193963,90.898922,55.00712,-5.574034,-2.333554,6,2,270472824.768392,125299566.757493,142366870.510619,101735683.378747,270472824.768392,125299566.757493,142366870.510619,101735683.378747,0.0585686,0.0204019,55684.71,TRUE,TRUE,19.415682188240638,18.646217962218604
ARE,2020Q2,2020,2,0.201573,0.120832,8302.023837,4976.597305,82.524238,76.580172,50.255013,73.354057,109.466234,140.604531,-6.420144,1.472153,6,2,180167144.72752,83904800.475749,90543021.875896,61547575.171117,180167144.72752,83904800.475749,90543021.875896,61547575.171117,0.1863412,0.0451303,28914.37,TRUE,TRUE,19.009395559808652,18.24519338643649
ARE,2020Q3,2020,3,0.205776,0.122174,8475.132584,5031.872201,81.296712,73.474374,45.192043,70.416637,118.187448,106.842259,-6.816364,1.184849,6,2,169815556.802725,102615069.532153,76743119.375698,72258081.3,169815556.802725,102615069.532153,76743119.375698,72258081.3,0.1637358,0.0533336,27497.73,TRUE,TRUE,18.95022344603542,18.446495356447347
ARE,2020Q4,2020,4,0.20094,0.117681,8275.956068,4846.821672,74.112365,59.525363,52.162982,7.375178,121.351848,251.617847,-7.275925,0.207038,6,2,144449889.20545,102697751.290191,75349369.985464,7574141.870572,144449889.20545,102697751.290191,75349369.985464,7574141.870572,0.064834,0.0355518,22319.62,TRUE,TRUE,18.788443217866533,18.44730077875051
ARE,2021Q1,2021,1,0.207257,0.119205,7444.45618,4281.714686,67.746625,55.671705,51.868879,68.739099,71.944953,73.258852,-6.478214,0.270104,6,2,249349205.092643,138572046.847411,129334637.768892,95253176.66812,249349205.092643,138572046.847411,129334637.768892,95253176.66812,0.1943257,0.0508064,11888.73,TRUE,TRUE,19.33436490203331,18.746900942181878
ARE,2021Q2,2021,2,0.205834,0.126752,7393.344999,4552.813226,61.662663,43.331896,49.297234,70.090386,89.491838,102.34315,-9.489297,1.017637,6,2,175060584.207357,110990480.575749,86300026.000763,77793655.8297,175060584.207357,110990480.575749,86300026.000763,77793655.8297,0.4014222,0.1018781,18072.81,TRUE,TRUE,18.980642667446574,18.52495499502012
ARE,2021Q3,2021,3,0.203029,0.126508,7292.604029,4544.047508,64.81285,42.588084,49.585121,57.376201,104.640078,124.312505,10.12793,0.268562,6,2,159750442.922616,101739279.376294,79212450.190153,58374133.014441,159750442.922616,101739279.376294,79212450.190153,58374133.014441,0.2111784,0.0888554,21508.56,TRUE,FALSE,18.88912342381661,18.437924014340826
ARE,2021Q4,2021,4,0.209184,0.158592,7513.693367,5696.453915,68.76437,43.144832,53.945818,67.397268,113.148591,141.589327,-5.669203,0.981843,6,2,166539108.488011,83451642.842234,89840884.699963,56244127.061308,166539108.488011,83451642.842234,89840884.699963,56244127.061308,0.3640556,0.1073097,19802.65,TRUE,FALSE,18.930740725617298,18.239777894423984
ARE,2022Q1,2022,1,0.140601,0.076825,7558.344616,4129.882027,67.604116,46.296846,54.52148,70.620679,77.093231,74.260658,-9.650499,-0.476625,5,2,212242929.821798,93726086.938147,115717986.793461,66189998.716894,212242929.821798,93726086.938147,115717986.793461,66189998.716894,0.1341742,0.0702797,26455.02,TRUE,FALSE,19.173242071985126,18.355887117618465
ARE,2022Q2,2022,2,0.141965,0.075073,7631.680081,4035.723863,64.398085,47.349871,54.194723,61.808743,86.82854,57.700627,-10.153536,-1.185232,5,2,181984280.119619,102100886.865123,98625875.941689,63107275.23624,181984280.119619,102100886.865123,98625875.941689,63107275.23624,0.0658415,0.0387209,29343.64,TRUE,FALSE,19.019430868341583,18.441471969337353
ARE,2022Q3,2022,3,0.148619,0.07055,7989.342293,3792.602892,65.340585,48.94653,57.733056,64.049727,96.352729,75.040985,-9.278647,-0.347184,4,2,193517793.658583,78785914.833787,111723737.086104,50462162.976567,193517793.658583,78785914.833787,111723737.086104,50462162.976567,0,0.0110566,24504.76,TRUE,FALSE,19.080880023098235,18.182244793087055
ARE,2022Q4,2022,4,0.153481,0.070387,8250.752991,3783.830336,63.623207,48.607691,53.858265,56.695189,106.942424,114.018959,-9.746938,0.266307,4,2,191219229.719891,82623414.5297,102987359.215259,46843501.238965,191219229.719891,82623414.5297,102987359.215259,46843501.238965,0.1197246,0.0261396,26500.43,TRUE,FALSE,19.068931127373165,18.22980366720406
ARE,2023Q1,2023,1,NA,NA,7933.909524,3240.295336,24.212758,23.225966,54.42824,59.436802,86.62251,120.488365,-3.840231,0.364107,4,2,280507654.390612,82506535.774387,152675379.971935,49039246.09346,280507654.390612,82506535.774387,152675379.971935,49039246.09346,0,0.0119725,26400.05,TRUE,FALSE,19.452111570934782,18.22838806967477
ARE,2023Q2,2023,2,NA,NA,7993.791613,3320.134941,23.46114,21.719364,51.3595,57.453486,106.608592,93.258085,-2.48974,0.570319,4,2,226000591.018033,110626603.855586,116072774.50545,63558840.720708,226000591.018033,110626603.855586,116072774.50545,63558840.720708,0.0663702,0.0172649,30702.4,TRUE,FALSE,19.23604817235718,18.521671159316863
ARE,2023Q3,2023,3,NA,NA,8012.574337,3387.921801,23.439931,22.932866,44.628853,71.877457,128.199452,78.410321,-3.743472,0.223542,4,2,216721527.376893,86024572.649591,96720332.602992,61832274.852316,216721527.376893,86024572.649591,96720332.602992,61832274.852316,0,0.006637,17905.28,TRUE,FALSE,19.194123803413277,18.27014354188879
ARE,2023Q4,2023,4,NA,NA,8154.787451,3450.498902,21.763138,21.195429,52.16425,57.841437,125.452292,113.074675,-3.05967,0.821289,4,2,231072553.608735,89305745.221253,120537265.367617,51655726.589918,231072553.608735,89305745.221253,120537265.367617,51655726.589918,0,0.0022123,16655.52,TRUE,FALSE,19.258242304058033,18.30757637996149
BHR,2019Q1,2019,1,NA,NA,NA,NA,65.743945,118.64237,65.092617,85.74869,NA,NA,NA,NA,6,5,21671.202372,4104.321857,14106.352734,3519.402236,21671.202372,4104.321857,14106.352734,3519.402236,NA,NA,36588.02,FALSE,FALSE,9.983739578547207,8.319795808970442
BHR,2019Q2,2019,2,NA,NA,NA,NA,68.672291,116.71279,67.26683,79.841063,NA,NA,NA,NA,6,5,39751.341411,6054.911972,26739.467308,4834.306056,18080.139039,1950.590115,12633.114574,1314.9038200000005,NA,NA,40489.04,FALSE,FALSE,9.802569324126775,7.575887228853588
BHR,2019Q3,2019,3,NA,NA,NA,NA,70.906492,117.095623,67.493541,82.446103,NA,NA,NA,NA,6,5,57755.920138,10207.379226,38981.515495,8415.586406,18004.578727,4152.467253999999,12242.048187,3581.28035,NA,NA,32800.98,FALSE,FALSE,9.798381378253014,8.33145795560446
BHR,2019Q4,2019,4,NA,NA,NA,NA,73.850634,105.578189,65.486052,84.276664,NA,NA,NA,NA,6,5,75646.252762,15437.077769,49537.744129,13009.854203,17890.332624000002,5229.698543,10556.228634,4594.267797,NA,NA,52716.26,FALSE,FALSE,9.792015769063292,8.562108915435964
BHR,2020Q1,2020,1,NA,NA,NA,NA,65.503752,99.25968,66.118233,73.648775,NA,NA,NA,NA,6,5,22722.648104,2549.745695,15023.813474,1877.856477,22722.648104,2549.745695,15023.813474,1877.856477,NA,NA,55684.71,FALSE,TRUE,10.031117419916452,7.843748905728378
BHR,2020Q2,2020,2,NA,NA,NA,NA,68.104485,98.943431,66.794192,61.516865,NA,NA,NA,NA,6,5,39822.258495,4066.114353,26598.955808,2501.346061,17099.610391000002,1516.3686579999999,11575.142333999998,623.4895840000001,NA,NA,28914.37,FALSE,TRUE,9.746810958079141,7.324073714739579
BHR,2020Q3,2020,3,NA,NA,NA,NA,73.546073,98.317509,65.90164,60.771539,NA,NA,NA,NA,6,5,55199.211324,5383.955746,36377.185632,3271.912792,15376.952829000002,1317.8413929999997,9778.229824000002,770.5667309999999,NA,NA,27497.73,FALSE,TRUE,9.640625097877509,7.183750368670888
BHR,2020Q4,2020,4,NA,NA,NA,NA,72.583847,94.313123,65.904916,60.615269,NA,NA,NA,NA,6,5,72742.685351,6840.11263,47941.005444,4146.152638,17543.47402699999,1456.156884,11563.819812000002,874.2398459999995,NA,NA,22319.62,FALSE,TRUE,9.772437309427149,7.283555972952017
BHR,2021Q1,2021,1,NA,NA,NA,NA,61.013947,95.241325,69.147823,64.871283,NA,NA,NA,NA,6,5,24727.504693,1751.451256,17098.531139,1136.188895,24727.504693,1751.451256,17098.531139,1136.188895,NA,NA,11888.73,FALSE,TRUE,10.115671453402674,7.468200012390164
BHR,2021Q2,2021,2,NA,NA,NA,NA,64.04871,100.842656,65.938871,61.706389,NA,NA,NA,NA,5,5,40385.987408,3373.789678,26630.064191,2081.84377,15658.482715000002,1622.338422,9531.5330520000025,945.654875,NA,NA,18072.81,FALSE,TRUE,9.658768075642557,7.391623857794903
BHR,2021Q3,2021,3,NA,NA,NA,NA,72.511325,114.499193,65.405336,62.093615,NA,NA,NA,NA,5,5,56149.500021,4977.065043,36724.769413,3090.439585,15763.512612999999,1603.2753649999995,10094.705222,1008.5958150000001,NA,NA,21508.56,FALSE,FALSE,9.665453220113003,7.3798039188924385
BHR,2021Q4,2021,4,NA,NA,NA,NA,72.692423,121.204634,62.562668,60.107954,NA,NA,NA,NA,5,5,75700.657447,6458.381916,47360.351291,3882.001207,19551.157426000005,1481.3168730000007,10635.581877999997,791.5616219999997,NA,NA,19802.65,FALSE,FALSE,9.88078976703702,7.300686750193491
BHR,2022Q1,2022,1,NA,NA,NA,NA,58.120805,111.738276,60.444924,36.590281,NA,NA,NA,NA,5,5,22091.72229,1639.745077,13353.324815,599.987334,22091.72229,1639.745077,13353.324815,599.987334,NA,NA,26455.02,FALSE,FALSE,10.00295826032827,7.402296067882404
BHR,2022Q2,2022,2,NA,NA,NA,NA,53.290099,107.017269,61.994064,53.6128,NA,NA,NA,NA,5,5,38103.268873,3198.061549,23621.764709,1714.570349,16011.546583,1558.316472,10268.439894,1114.5830150000002,NA,NA,29343.64,FALSE,FALSE,9.681065402387015,7.351361332889188
BHR,2022Q3,2022,3,NA,NA,NA,NA,57.21194,116.83608,61.736961,52.377629,NA,NA,NA,NA,5,5,53777.765671,4326.561074,33200.758151,2266.150108,15674.496798,1128.4995250000002,9578.993442000003,551.5797589999997,NA,NA,24504.76,FALSE,FALSE,9.659790262784878,7.028644175344786
BHR,2022Q4,2022,4,NA,NA,NA,NA,59.910055,133.843849,59.393247,49.603348,NA,NA,NA,NA,5,5,74832.267098,5521.579712,44445.313367,2738.888406,21054.501426999996,1195.0186379999996,11244.555216,472.7382980000002,NA,NA,26500.43,FALSE,FALSE,9.954869660762112,7.085917060896704
BRN,2019Q1,2019,1,0.504494,0.153948,5.090687,1.583635,20.613494,21.164893,78.361427,91.335998,36.351509,36.927645,2.405586,2.2346,2,2,22959,7006,17991,6399,22959,7006,17991,6399,NA,NA,36588.02,FALSE,FALSE,10.04146529547803,8.854522203757432
BRN,2019Q2,2019,2,0.479336,0.146797,9.895787,3.089512,21.437207,21.332828,80.255434,90.159497,32.648389,30.633774,2.539043,3.710709,2,2,44630,13668,35818,12323,21671,6662,17827,5924,NA,NA,40489.04,FALSE,FALSE,9.983730240212331,8.804175018753625
BRN,2019Q3,2019,3,0.556739,0.152218,16.738581,4.665461,22.719306,22.029711,83.273503,90.794574,28.380313,32.145144,2.413401,3.23515,2,2,75491,20640,62864,18740,30861,6972,27046,6417,NA,NA,32800.98,FALSE,FALSE,10.33724852979914,8.849657406639912
BRN,2019Q4,2019,4,0.541502,0.144931,22.062306,6.019665,21.596108,22.001193,80.010251,92.429875,30.234515,32.557384,2.448645,5.697016,2,2,99501,26631,79611,24615,24010,5991,16747,5875,NA,NA,52716.26,FALSE,FALSE,10.086225689215299,8.698013622083925
BRN,2020Q1,2020,1,0.64175,0.165925,6.624491,1.66821,20.240439,21.347346,77.51734,89.070966,40.521003,24.406528,2.07747,0.534366,2,2,29267,7567,22687,6740,29267,7567,22687,6740,NA,NA,55684.71,FALSE,TRUE,10.284215880411878,8.931551966694522
BRN,2020Q2,2020,2,0.632245,0.153826,12.18153,2.886684,21.288097,21.508097,74.534542,91.331908,33.97153,29.626223,1.91674,3.595537,2,2,53818,13094,40113,11959,24551,5527,17426,5219,NA,NA,28914.37,FALSE,TRUE,10.10850786559065,8.617400451833262
BRN,2020Q3,2020,3,0.616892,0.165298,17.430059,4.548942,20.974631,21.247911,77.308262,90.782204,36.934758,26.97523,1.784181,5.108936,2,2,77006,20634,59532,18732,23188,7540,19419,6773,NA,NA,27497.73,FALSE,TRUE,10.051390182459624,8.927977461002001
BRN,2020Q4,2020,4,0.663825,0.166508,24.865324,6.074735,19.62712,21.173351,73.006235,93.485756,38.974576,26.040373,1.586151,7.435375,2,2,109855,27555,80201,25760,32849,6921,20669,7028,NA,NA,22319.62,FALSE,TRUE,10.399676582049104,8.842315546841863
BRN,2021Q1,2021,1,0.7479,0.176428,7.191949,1.696561,21.447519,21.485726,78.640838,92.229504,50.750221,22.186775,0.533375,0.252129,2,2,31696,7477,24926,6896,31696,7477,24926,6896,NA,NA,11888.73,FALSE,TRUE,10.363945768938333,8.919586920999915
BRN,2021Q2,2021,2,0.681275,0.109208,13.76014,2.205734,20.47082,22.312741,77.135036,126.972534,42.172435,21.688406,0.852989,1.212794,2,2,60643,9721,46777,12343,28947,2244,21851,5447,NA,NA,18072.81,FALSE,TRUE,10.273221850688493,7.716015266642587
BRN,2021Q3,2021,3,0.656362,0.141302,20.238703,4.357011,20.88926,22.315567,72.957004,91.204041,39.304484,20.681779,1.679606,2.145423,2,2,89195,19202,65074,17513,28552,9481,18297,5170,NA,NA,21508.56,FALSE,FALSE,10.259482265169996,9.15704507491796
BRN,2021Q4,2021,4,0.631633,0.135926,26.97571,5.805112,22.168758,21.804924,68.1939,87.238118,37.608082,21.354003,1.257765,2.916376,2,2,118886,25584,81073,22319,29691,6382,15999,4806,NA,NA,19802.65,FALSE,FALSE,10.2985992485648,8.76123680683819
BRN,2022Q1,2022,1,0.604323,0.119388,6.817692,1.346879,20.852124,22.251369,86.619904,95.632605,21.092651,20.306781,-12.164393,-1.47487,2,2,30366,5999,26303,5737,30366,5999,26303,5737,NA,NA,26455.02,FALSE,FALSE,10.321078840442134,8.699348067653093
BRN,2022Q2,2022,2,0.514923,0.112232,13.077009,2.850247,22.603337,21.959851,83.100695,95.037416,34.676253,21.898052,-12.028988,-4.138909,2,2,58245,12695,48402,12065,27879,6696,22099,6328,NA,NA,29343.64,FALSE,FALSE,10.235628996225449,8.80926561216931
BRN,2022Q3,2022,3,0.524733,0.118378,20.127301,4.540638,22.606883,21.819573,78.949658,94.867484,33.610263,19.628896,-11.058637,134.442515,2,2,89647,20224,70776,19186,31402,7529,22374,7121,NA,NA,24504.76,FALSE,FALSE,10.354626864135467,8.926517509850122
BRN,2022Q4,2022,4,0.558968,0.113311,28.63022,5.803772,21.883812,21.679062,69.074412,94.282398,34.624161,22.534055,-5.864464,-5.742008,2,2,127519,25850,88083,24372,37872,5626,17307,5186,NA,NA,26500.43,FALSE,FALSE,10.541967331753765,8.635153989049803
BRN,2023Q1,2023,1,0.637848,0.136373,7.086215,1.515043,21.923715,22.06127,84.465496,93.212804,30.424997,20.715421,4.720232,0.301471,2,2,31562,6748,26659,6290,31562,6748,26659,6290,NA,NA,26400.05,FALSE,FALSE,10.359709144308079,8.817001443665859
BRN,2023Q2,2023,2,0.621413,0.142111,13.619892,3.114728,23.685273,21.86445,77.747556,93.0945,35.849377,22.40031,7.317756,1.64887,2,2,60663,13873,47164,12915,29101,7125,20505,6625,NA,NA,30702.4,FALSE,FALSE,10.278527816830314,8.871365005136852
BRN,2023Q3,2023,3,0.882663,0.22867,19.768747,5.121464,24.123633,21.494991,77.399205,94.629784,36.494497,21.676086,4.879107,1.596458,2,2,88050,22811,68150,21586,27387,8938,20986,8671,NA,NA,17905.28,FALSE,FALSE,10.21782372723319,9.098067129493398
BRN,2023Q4,2023,4,1.212814,0.297837,28.080058,6.843337,23.036025,21.692667,72.417348,94.686749,39.732667,23.572613,8.425961,3.146609,2,2,127069,31205,92020,29547,39019,8394,23870,7961,NA,NA,16655.52,FALSE,FALSE,10.571803985965566,9.035272443893536
JOR,2019Q1,2019,1,55560.313328,19651.858304,161.361806,57.07418,50.046082,20.243979,52.772372,71.459818,31.24819,25.17701,8.0031,25,3,3,17030125,6023609,14758831,5068798,17030125,6023609,14758831,5068798,0,0,36588.02,TRUE,FALSE,16.65049439260019,15.6111971393168
JOR,2019Q2,2019,2,100430.522387,21609.684323,291.676729,62.760224,50.566156,20.319409,51.625546,63.287409,31.889669,30.251615,8.869485,3.25,3,3,30783562,6623714,27538585,5225631,13753437,600105,12779754,156833,0,0,40489.04,TRUE,FALSE,16.436799314477515,13.30485991888757
JOR,2019Q3,2019,3,152874.107714,24586.817654,443.986735,71.406604,50.990371,21.695409,52.291593,56.435221,30.690867,29.992281,8.090406,3.1,3,3,46858360,7536253,42002479,5803152,16074798,912539,14463894,577521,0,0,32800.98,TRUE,FALSE,16.59276326191258,13.723986103251494
JOR,2019Q4,2019,4,194032.308848,27243.053426,587.41011,82.475156,53.336902,24.252651,53.049432,59.176065,29.760809,29.362574,6.222565,2.5,3,3,61995263,8704428,56046325,7405963,15136903,1168175,14043846,1602811,0,0,52716.26,TRUE,FALSE,16.532646227585172,13.970953259914223
JOR,2020Q1,2020,1,63387.815718,20421.780226,187.424033,60.382778,48.730078,21.318621,46.143801,58.162291,32.537933,30.272659,5.477348,3,3,3,20253041,6524963,17942969,4860015,20253041,6524963,17942969,4860015,0,0,55684.71,TRUE,TRUE,16.823815513081517,15.69114584065887
JOR,2020Q2,2020,2,92938.30553,23571.584614,274.798427,69.696067,49.269421,20.429824,51.709321,53.897883,35.236035,36.17131,5.910676,3,3,3,29694718,7531357,26648441,5833580,9441677,1006394,8705472,973565,0,0,28914.37,TRUE,TRUE,16.060644170649176,13.821884203066345
JOR,2020Q3,2020,3,139797.715251,28037.795374,413.351545,82.901684,50.108532,15.007774,51.946872,50.57707,36.251511,35.63083,5.59656,2.8,3,3,44666768,8958356,39968326,7169264,14972050,1426999,13319885,1335684,0,0,27497.73,TRUE,TRUE,16.521695687568073,14.17108419568788
JOR,2020Q4,2020,4,183767.255627,33867.079482,531.967601,98.038081,55.288886,10.555687,53.254984,47.778246,32.875858,42.472032,5.655012,3,3,3,57484419,10593995,52060355,8815627,12817651,1635639,12092029,1646363,0,0,22319.62,TRUE,TRUE,16.36633376333908,14.307544111649097
JOR,2021Q1,2021,1,61387.217841,22291.97183,177.7031,64.530576,50.946747,10.420949,45.657246,59.46959,37.463645,29.429711,4.309471,0.75,3,3,19202597,6973174,16885814,5067442,19202597,6973174,16885814,5067442,0,0,11888.73,TRUE,TRUE,16.77055608826781,15.75758105928347
JOR,2021Q2,2021,2,99654.564577,26404.346394,288.47903,76.435036,53.938544,-7.259687,47.660918,54.539256,37.607263,33.119705,7.150031,1.5,3,3,31173044,8259570,28000509,6161746,11970447,1286396,11114695,1094304,0.0475647,0.0095129,18072.81,TRUE,TRUE,16.297951420195307,14.067355067949268
JOR,2021Q3,2021,3,149592.095547,32047.56866,433.037692,92.770979,53.564062,-3.640154,59.739014,50.5357,29.835818,34.555327,6.422637,2.25,3,3,46794053,10024832,41975961,7395658,15621009,1765262,13975452,1233912,0.221533,0.0490631,21508.56,TRUE,FALSE,16.564127296960475,14.383809679259468
JOR,2021Q4,2021,4,185225.938664,37016.258099,553.722025,110.657922,59.498518,-0.922184,52.009008,47.127026,31.821668,43.326875,5.978237,3,3,3,59835202,11957695,54176910,8970655,13041149,1932863,12200949,1574997,0.0720981,0.0381584,19802.65,TRUE,FALSE,16.383620224077948,14.474512881390096
JOR,2022Q1,2022,1,160770.727373,26547.59642,480.614612,79.362475,53.789538,-4.497892,46.609937,47.105747,15.29502,34.395677,5.361594,4,3,3,51935215,8575909,49458791,5180490,51935215,8575909,49458791,5180490,0.0636618,0.0273266,26455.02,TRUE,FALSE,17.765507634425603,15.96446755122896
JOR,2022Q2,2022,2,169597.460369,33286.603166,507.00161,99.508338,53.862007,-4.381876,49.716358,42.745607,22.683681,37.909224,6.356638,2,3,3,54786594,10752871,51377233,6849610,2851379,2176962,1918442,1669120,0.1968762,0.0481447,29343.64,TRUE,FALSE,14.863313294871622,14.593440884850743
JOR,2022Q3,2022,3,184387.785995,40221.480998,551.216417,120.239746,53.293369,-4.449974,52.507491,39.936899,27.789515,38.068303,4.913336,1.333333,3,3,59564446,12993107,54333593,8523811,4777852,2240236,2956360,1674201,0.1098841,0.0437865,24504.76,TRUE,FALSE,15.379501631084674,14.622091775424407
JOR,2022Q4,2022,4,214456.343965,44740.856944,668.603276,139.487053,55.706221,-2.266165,59.072533,37.264989,23.329177,46.676296,4.680789,4.2,3,3,72249270,15072971,66229761,10027301,12684824,2079864,11896168,1503490,0.1845359,0.0544581,26500.43,TRUE,FALSE,16.35591687626416,14.54781306492445
MYS,2019Q1,2019,1,0.243399,1.365341,2697.508549,15131.62805,30.069119,13.466017,78.563431,93.549663,31.387673,18.674019,6.043266,1.026091,4,11,881.006292,2737.287281,692.148767,2560.723021,881.006292,2737.287281,692.148767,2560.723021,0.1586798,0.0398872,36588.02,TRUE,FALSE,6.7810647677948985,7.914722665534746
MYS,2019Q2,2019,2,0.44032,1.356167,5013.677833,15441.909672,30.264598,12.994772,81.56251,92.851279,29.675221,19.155279,6.205976,2.009919,4,11,1633.456238,4799.102276,1332.287913,4456.027864,752.449946,2061.8149949999997,640.1391459999999,1895.304843,0,0.0185851,40489.04,TRUE,FALSE,6.623334477467159,7.631341939407203
MYS,2019Q3,2019,3,0.649392,1.345181,7601.252102,15745.588737,30.931551,12.917562,82.627138,92.670682,29.261193,19.576693,6.030464,2.980328,4,11,2480.288561,7017.019515,2049.391443,6502.719807,846.8323229999999,2217.9172390000003,717.1035300000001,2046.6919430000007,0,0.0052893,32800.98,TRUE,FALSE,6.741502709292735,7.704323853868796
MYS,2019Q4,2019,4,0.836834,1.349127,10135.81067,16340.745869,30.720465,13.371766,82.228625,92.605984,29.281455,19.816227,5.961531,3.894665,4,11,3312.382927,9294.181306,2723.726943,8606.968032,832.0943660000003,2277.1617910000004,674.3355000000001,2104.2482250000003,0,0,52716.26,TRUE,FALSE,6.723945855062648,7.730685117997111
MYS,2020Q1,2020,1,0.251579,1.491767,2840.374704,16842.353862,31.045887,13.277652,77.916773,91.843397,31.930194,16.954189,5.280989,1.067535,4,11,925.110041,3095.181789,720.815895,2842.720107,925.110041,3095.181789,720.815895,2842.720107,0,0,55684.71,TRUE,TRUE,6.829912693680103,8.037601919742734
MYS,2020Q2,2020,2,0.543559,1.825193,5044.32082,16938.115506,30.331509,12.94235,79.487168,89.556334,30.632884,17.790979,5.652257,1.914972,4,11,1643.439723,4842.18955,1306.323698,4336.487445,718.3296819999999,1747.0077609999998,585.507803,1493.7673379999997,0.0624961,0.0124992,28914.37,TRUE,TRUE,6.576928630794175,7.465659752596999
MYS,2020Q3,2020,3,0.697125,1.568571,7882.929236,17737.027509,30.691594,12.678906,80.153997,88.898321,30.095305,17.929296,5.613972,2.730588,4,11,2569.834931,7309.293747,2059.825426,6497.839391,926.3952079999999,2467.1041969999997,753.501728,2161.3519460000007,0.2090447,0.0480585,27497.73,TRUE,TRUE,6.831300934093781,7.8108003519568445
MYS,2020Q4,2020,4,0.913521,1.612359,10622.184565,18748.098921,30.173625,12.936319,79.777494,89.001964,29.7311,18.707404,5.492708,3.536909,4,11,3464.956605,9959.359043,2764.255544,8864.025136,895.121674,2650.0652960000007,704.4301180000002,2366.1857449999998,0.3165225,0.0862922,22319.62,TRUE,TRUE,6.796959657638033,7.882339558676708
MYS,2021Q1,2021,1,0.290176,1.733414,3306.841936,19753.996196,30.406792,13.009897,72.585458,92.470648,32.049257,14.617976,5.287963,0.981949,4,11,1078.030471,3651.838167,782.493355,3376.878403,1078.030471,3651.838167,782.493355,3376.878403,0.2161383,0.0818481,11888.73,TRUE,TRUE,6.982891017303226,8.202985927206152
MYS,2021Q2,2021,2,0.498013,1.789847,5720.486233,20559.288396,29.245583,13.258393,75.756736,91.314961,30.838347,15.942003,5.594133,1.889698,4,11,1864.878512,6325.656623,1412.771086,5776.270862,786.848041,2673.818456,630.277731,2399.392459,0.2215494,0.0764745,18072.81,TRUE,TRUE,6.6680351433697576,7.891262863060916
MYS,2021Q3,2021,3,0.724794,1.859856,8408.010929,21575.3535,29.760683,12.999554,76.774303,90.730247,30.547556,16.420442,5.760147,2.774246,4,11,2741.011563,8917.910017,2104.392529,8091.24182,876.133051,2592.2533940000003,691.6214430000002,2314.970958,0.7276961,0.1748988,21508.56,TRUE,FALSE,6.775517964106274,7.860282812724829
MYS,2021Q4,2021,4,0.902462,1.747825,11758.206031,22772.476963,29.517524,13.217669,76.548243,90.608014,30.393902,16.813038,5.817296,3.635554,4,11,3833.175166,11996.117831,2934.228252,10869.44415,1092.163603,3078.2078139999994,829.8357229999997,2778.202329999999,0.3724395,0.1546425,19802.65,TRUE,FALSE,6.995915964680085,8.032102828039156
MYS,2022Q1,2022,1,0.289934,1.790961,3755.827396,23200.252298,29.6535,13.043368,73.943137,92.528849,32.31707,13.436108,5.828393,0.95037,4,11,1224.399731,4427.070816,905.359569,4096.317663,1224.399731,4427.070816,905.359569,4096.317663,0.1411632,0.0897331,26455.02,TRUE,FALSE,7.110205987371788,8.395493428990015
MYS,2022Q2,2022,2,0.502065,1.758329,6826.058122,23906.195896,30.443217,12.945643,76.255428,91.242537,30.860411,15.211346,5.88698,1.919627,4,11,2232.121006,7547.289096,1702.113427,6886.338019,1007.7212749999999,3120.21828,796.753858,2790.020356,0.1345352,0.053438,29343.64,TRUE,FALSE,6.915446897497748,8.045658239894795
MYS,2022Q3,2022,3,0.723599,1.769159,10051.131313,24574.456137,30.844454,12.770969,77.763658,89.881275,30.395394,16.131576,5.860546,2.93655,4,11,3306.822202,11038.684959,2571.505902,9921.710819,1074.701196,3491.3958629999997,869.3924749999999,3035.3728,0.1189485,0.0419487,24504.76,TRUE,FALSE,6.979797944715196,8.158056895978481
MYS,2022Q4,2022,4,0.992927,1.784668,14065.556391,25281.161312,29.692241,13.117354,76.77278,89.393924,30.239876,16.795988,5.908812,3.791836,4,11,4641.633609,14251.825473,3563.511181,12740.266049,1334.8114070000006,3213.1405140000006,992.005279,2818.55523,0.2557152,0.0675224,26500.43,TRUE,FALSE,7.196545292690269,8.075004091119451
NGA,2019Q1,2019,1,NA,NA,NA,NA,44.008551,13.256064,104.280955,113.479492,35.068135,86.473993,0.549785,0.548298,NA,NA,274594689,76371452,286349965,86665936,274594689,76371452,286349965,86665936,0.2813098,0.0867657,36588.02,TRUE,FALSE,19.430806710251677,18.15111951938515
NGA,2019Q2,2019,2,NA,NA,NA,NA,15.026499,8.595199,73.483467,92.376326,71.138141,87.268442,1.991539,1.458251,NA,NA,410470369,173950090,301627857,160688703,135875680,97578638,15277892,74022767,0.4365995,0.1232793,40489.04,TRUE,FALSE,18.72725090799294,18.396169154476322
NGA,2019Q3,2019,3,NA,NA,NA,NA,0.818979,4.103183,63.32084,90.643032,97.236997,108.943949,3.554924,11.504977,NA,NA,544019718,251294003,344477856,227780503,133549349,77343913,42849999,67091800,0.2115358,0.0953441,32800.98,TRUE,FALSE,18.709981622929554,18.163772437639864
NGA,2019Q4,2019,4,NA,NA,NA,NA,-1.035459,13.335852,60.259337,88.867391,98.360781,89.301549,8.135508,5.301886,NA,NA,718674651,436928580,433068582,388287030,174654933,185634577,88590726,160506527,0.4678206,0.129271,52716.26,TRUE,FALSE,18.978322773879782,19.039290659456345
NGA,2020Q1,2020,1,NA,NA,NA,NA,24.820798,20.235557,99.401768,112.962238,50.107435,64.647417,0.626892,0.190681,NA,NA,417815159,138302705,415315653,156229831,417815159,138302705,415315653,156229831,1.071199,0.2680731,55684.71,TRUE,TRUE,19.850549689339015,18.744955355373577
NGA,2020Q2,2020,2,NA,NA,NA,NA,20.642047,19.914787,75.371131,83.365527,61.31192,73.798308,2.481311,2.029636,NA,NA,628098789,277925512,473405161,231694068,210283630,139622807,58089508,75464237,0.3876613,0.2002462,28914.37,TRUE,TRUE,19.16396779646388,18.75445510887398
NGA,2020Q3,2020,3,NA,NA,NA,NA,29.92591,26.358482,72.843531,90.197415,76.308081,59.75537,6.683183,4.117057,4,4,991657935,674478051,722358651,608361767,363559146,396552539,248953490,376667699,0.3098854,0.1364498,27497.73,TRUE,TRUE,19.711452554218795,19.798319097196597
NGA,2020Q4,2020,4,NA,NA,NA,NA,25.737968,22.301167,66.302469,86.167975,36.200949,60.991607,5.652434,5.698489,4,4,1501191154,1280043420,995326804,1102987490,509533219,605565369,272968153,494625723,0.1950268,0.0829159,22319.62,TRUE,TRUE,20.049005607716595,20.22167307384211
NGA,2021Q1,2021,1,NA,NA,NA,NA,47.819771,42.563674,108.637077,105.58327,24.832112,31.633093,1.637546,2.260724,4,4,587251191,901865288,637972529,952218858,587251191,901865288,637972529,952218858,0.3995206,0.1097363,11888.73,TRUE,TRUE,20.1909632095983,20.61997571875806
NGA,2021Q2,2021,2,NA,NA,NA,NA,51.191717,42.255977,89.490159,83.784808,45.852027,42.923247,3.443689,5.094092,4,4,1026133510,1915518520,918288510,1604913520,438882319,1013653232,280315981,652694662,0.2363089,0.0937147,18072.81,TRUE,TRUE,19.899741869044092,20.73682670335068
NGA,2021Q3,2021,3,NA,NA,NA,NA,36.013792,48.984838,79.424829,85.099383,62.82483,44.604749,3.94589,3.761067,4,4,1529187814,3171938404,1214554814,2699300011,503054304,1256419884,296266304,1094386491,0.5962141,0.1561911,21508.56,TRUE,FALSE,20.036208682475294,20.951532151673543
NGA,2021Q4,2021,4,NA,NA,NA,NA,31.529782,22.796287,65.166849,83.710766,61.964505,84.693078,4.552316,4.586948,4,4,1931338411,4438330507,1258592394,3715360479,402150597,1266392103,44037580,1016060468,0.278288,0.123156,19802.65,TRUE,FALSE,19.81233719583395,20.959437830725154
NGA,2022Q1,2022,1,NA,NA,NA,NA,20.624773,98.088393,101.40434,110.018066,14.215089,6.140592,1.336719,1.077211,4,4,974029767.325026,1402848331.690776,987708460.998102,1543386604.524335,974029767.325026,1402848331.690776,987708460.998102,1543386604.524335,0.2896871,0.10564,26455.02,TRUE,FALSE,20.696952423075146,21.061770529365592
NGA,2022Q2,2022,2,NA,NA,NA,NA,20.455304,25.951225,84.363982,93.493887,7.483358,53.416738,3.796959,4.92711,4,4,1536165948.500001,2440435207.06576,1295970767.212309,2281657746.938149,562136181.1749749,1037586875.374984,308262306.21420693,738271142.4138141,0.2326934,0.0847837,29343.64,TRUE,FALSE,20.147254693762328,20.760163541864713
NGA,2022Q3,2022,3,NA,NA,NA,NA,18.045935,24.660858,81.587195,94.150477,27.899536,56.208594,3.394699,5.332925,4,4,2231975295.874792,3405374549.413358,1821006033.901135,3206176375.786371,695809347.3747911,964939342.3475981,525035266.6888261,924518628.8482223,0.0728173,0.047489,24504.76,TRUE,FALSE,20.36058625458842,20.687575799656752
NGA,2022Q4,2022,4,NA,NA,NA,NA,18.271929,73.96062,73.59741,92.044335,102.072441,14.458368,4.640646,9.004062,4,4,3233119533.968293,4784437999.718521,2379492232.593284,4403804121.056772,1001144238.0935011,1379063450.305163,558486198.6921492,1197627745.270401,0,0.0150382,26500.43,TRUE,FALSE,20.724409420898454,21.044670446522968
SAU,2019Q1,2019,1,1.236053,0.038165,107415.990791,3316.631183,37.590116,576.727282,85.663144,73.691331,76.023028,97.393831,1.823304,0.499302,31,2,11784636.86,228000.59,10095090.49,168016.67,11784636.86,228000.59,10095090.49,168016.67,0.2531646,0.0781338,36588.02,TRUE,FALSE,16.282307280131327,12.337103495652528
SAU,2019Q2,2019,2,1.236053,0.038165,107415.990791,3316.631183,38.852223,571.011592,82.990637,73.933497,116.221984,98.312609,1.767958,0.41554,31,2,8004760.08932,245039.22952,6643201.375666,181166.07213,8004760.08932,245039.22952,6643201.375666,181166.07213,0.3156317,0.0956711,40489.04,TRUE,FALSE,15.895546933860155,12.409173597198743
SAU,2019Q3,2019,3,1.236053,0.038165,107415.990791,3316.631183,38.101455,572.367784,87.122867,75.393984,101.129375,105.163211,1.690354,-0.05166,31,2,8652816.16885,224138.48357,7538581.556631,168986.93157,8652816.16885,224138.48357,7538581.556631,168986.93157,0,0.040002,32800.98,TRUE,FALSE,15.973395394575267,12.320019370034814
SAU,2019Q4,2019,4,1.236053,0.038165,107415.990791,3316.631183,40.030135,413.755407,79.457941,63.749301,117.427916,73.944963,1.960604,0.292201,31,2,8313390.61846,437706.55355,6605648.998307,279034.86615,8313390.61846,437706.55355,6605648.998307,279034.86615,0.2076412,0.0520493,52716.26,TRUE,FALSE,15.93337810027732,12.989303995765091
SAU,2020Q1,2020,1,1.428906,0.048131,107185.98845,3610.401346,36.799996,431.401256,83.363103,66.169948,78.408513,97.324655,1.410143,-0.522825,30,2,12439485.17212,304568.69724,10369940.809056,201532.94829,12439485.17212,304568.69724,10369940.809056,201532.94829,0.2805364,0.0768714,55684.71,TRUE,TRUE,16.336386259541115,12.626651947386232
SAU,2020Q2,2020,2,1.428906,0.048131,107185.98845,3610.401346,39.936989,424.207546,80.596731,67.207879,101.456942,103.720512,1.868445,0.422408,30,2,8340859.88602,325645.47075,6722460.38547,218859.41253,8340859.88602,325645.47075,6722460.38547,218859.41253,0.0465419,0.0442834,28914.37,TRUE,TRUE,15.936676872859422,12.693564555540654
SAU,2020Q3,2020,3,1.428906,0.048131,107185.98845,3610.401346,42.727608,429.136084,84.15374,73.060524,99.094435,107.939915,1.212304,0.474279,30,2,8547019.19222,298011.12825,7192636.332736,217728.49217,8547019.19222,298011.12825,7192636.332736,217728.49217,0.1699139,0.0479882,27497.73,TRUE,TRUE,15.96109314763762,12.60488610791111
SAU,2020Q4,2020,4,1.428906,0.096261,107185.98845,7220.802692,44.053156,426.589619,83.562128,65.969771,115.577234,102.031856,1.538934,0.3155,29,2,8187730.708684,335415.17489,6841841.995692,221272.6226,8187730.708684,335415.17489,6841841.995692,221272.6226,0.1592949,0.0504018,22319.62,TRUE,TRUE,15.918147336688525,12.72312437150399
SAU,2021Q1,2021,1,1.290022,0.054618,115209.262815,4877.79688,41.339356,415.982154,86.091347,68.485819,73.176075,96.786025,1.364387,0.493612,29,2,12411083.019444,384490.11398,10684868.57724,263321.20293,12411083.019444,384490.11398,10684868.57724,263321.20293,0.0885112,0.0392955,11888.73,TRUE,TRUE,16.334100423271785,12.859673356231884
SAU,2021Q2,2021,2,1.290022,0.054618,115209.262815,4877.79688,42.037617,393.730926,77.533041,61.678863,112.036039,114.065965,1.506409,0.455432,29,2,9014637.716295,436399.2867,6989322.738093,269166.11633,9014637.716295,436399.2867,6989322.738093,269166.11633,0.176046,0.0493702,18072.81,TRUE,TRUE,16.01436022704499,12.986312898430093
SAU,2021Q3,2021,3,1.290022,0.054618,115209.262815,4877.79688,44.142679,387.518344,83.042577,65.550888,105.407838,117.051627,1.121343,0.436123,29,2,9506234.118295,374987.3934,7894221.774246,245807.56473,9506234.118295,374987.3934,7894221.774246,245807.56473,0.1998534,0.0605257,21508.56,TRUE,FALSE,16.067458364329042,12.834647686787463
SAU,2021Q4,2021,4,1.290022,0.054618,115209.262815,4877.79688,43.990126,375.325717,84.702952,58.704961,116.717918,106.32966,1.242926,0.417568,28,2,9391287.131088,511352.11376,7954697.446738,300189.05835,9391287.131088,511352.11376,7954697.446738,300189.05835,0.0538387,0.0366213,19802.65,TRUE,FALSE,16.05529291645383,13.144813699910959
SAU,2022Q1,2022,1,1.238885,0.045086,150927.494403,5492.563674,39.274764,359.013835,88.180655,60.569036,72.507176,107.19881,1.47377,0.683454,27,0,14479667.70792,502102.5505,12768265.88035,304118.67595,14479667.70792,502102.5505,12768265.88035,304118.67595,0.2965599,0.0713576,26455.02,TRUE,FALSE,16.48825599631046,13.126559661675302
SAU,2022Q2,2022,2,1.238885,0.045086,150927.494403,5492.563674,37.344552,378.525102,78.419321,58.788877,105.250184,78.668065,1.440689,-0.702473,27,0,11580564.142984,589371.88559,9081399.713745,346485.11024,11580564.142984,589371.88559,9081399.713745,346485.11024,0.2527486,0.0820003,29343.64,TRUE,FALSE,16.264838745933197,13.286812648097149
SAU,2022Q3,2022,3,1.238885,0.045086,150927.494403,5492.563674,36.194716,396.640269,82.757947,67.097413,96.89587,101.608285,1.458631,0.375066,27,0,12563023.246855,474365.37821,10396900.127557,318286.8953,12563023.246855,474365.37821,10396900.127557,318286.8953,0.2316424,0.0814887,24504.76,TRUE,FALSE,16.346268394407115,13.069733143838052
SAU,2022Q4,2022,4,1.238885,0.045086,150927.494403,5492.563674,37.33937,422.604145,87.134976,72.528519,105.287342,82.852266,1.630416,-0.547,27,0,12859352.357968,307718.74892,11204993.603209,223183.85063,12859352.357968,307718.74892,11204993.603209,223183.85063,0.2106816,0.0737255,26500.43,TRUE,FALSE,16.369581914538873,12.636941491920513
